Product Category,Product Description,Price(Dollar),Number of  reviews,Shipment,Order Date
Audio Video ,"Upgraded, Anker Soundcore Bluetooth Speaker with IPX5 Waterproof, Stereo Sound, 24H Playtime, Portable Wireless Speaker for iPhone, Samsung and More",27,"82,773",Ships to Bangladesh,1/3/2019
Audio Video ,"Twelve South AirFly Pro Bluetooth Wireless Audio Transmitter/ Receiver for up to 2 AirPods /Wireless Headphones; Use with any 3.5 mm Audio Jack on Airplanes, Gym Equipment, TVs, iPad/Tablets and Auto",54,"5,121",Ships to Bangladesh,1/4/2019
Audio Video ,"iOttie Easy One Touch 5 Dashboard & Windshield Universal Car Mount Phone Holder Desk Stand with Suction Cup Base and Telescopic Arm for iPhone, Samsung, Google, Huawei, Nokia, other Smartphones Black",24,"126,957",Ships to Bangladesh,1/4/2019
Audio Video ,"INIU Wireless Charger, 15W Fast Wireless Charging Station with Sleep-Friendly Adaptive Light Compatible with iPhone 14 13 12 Pro XR XS 8 Plus Samsung Galaxy S23 S22 S21 S20 Note 20 10 Google LG etc",15,"18,837",Ships to Bangladesh,1/4/2019
Audio Video ,JBL Flip 4 Waterproof Portable Bluetooth Speaker - Blue,78,"13,141",Ships to Bangladesh,1/5/2019
Audio Video ,"USB C Charger 20W, Anker 511 Charger ( Nano ), PIQ 3.0 Durable Compact Fast Charger with 6ft USB C to Lightning Cable (MFi Certified) for 14/14 Plus/14 Pro/14 Pro Max/13/ iPad Pro and More",30,"11,748",Ships to Bangladesh,1/6/2019
Audio Video ,"Panasonic Portable AM / FM Radio, Battery Operated Analog Radio, AC Powered, Silver (RF-2400D) 22.8 x 7.8 x 10.8",28,"26,724",Ships to Bangladesh,1/6/2019
Audio Video ,"Belkin MagSafe 3-in-1 Wireless Charging Stand - 2ND GEN w/ 33% Faster Wireless Charging for Apple Watch - iPhone 14, 13 & 12 series & AirPods - MagSafe Charging Station For Multiple Devices - Black",127,"5,762",Ships to Bangladesh,1/6/2019
Audio Video ,"Scosche MAGDMB MagicMount Magnetic Car Phone Holder Mount - 360 Degree Adjustable Head, Universal with All Devices - Dashboard Mount",12,"33,877",Ships to Bangladesh,1/6/2019
Audio Video ,SAMSUNG 25W USB-C Super Fast Charging Wall Charger - Black (US Version with Warranty),19,"8,765",Ships to Bangladesh,1/6/2019
Audio Video ,"Anker 315 Wireless Charger (Pad), 10W Max Fast Charging, Compatible with iPhone 14/13 Series, Samsung S22, AirPods, Samsung Buds, Google Buds, and More (Wall Charger Not Included)",14,"1,661",Ships to Bangladesh,1/6/2019
Audio Video ,"Soundcore Anker Motion Boom Outdoor Speaker with Titanium Drivers, BassUp Technology, IPX7 Waterproof, 24H Playtime, App, Built-in Handle, Portable Bluetooth Speaker for Outdoors, Camping",99,"7,304",Ships to Bangladesh,1/6/2019
Audio Video ,"Belkin MagSafe Vent Mount Pro - MagSafe Phone Mount For Car - Car Accessories - Car Phone Holder Mount - Magnetic Phone Holder for iPhone 14, iPhone 13, iPhone 12 Pro Max, Pro, and Mini Models",39,"7,409",Ships to Bangladesh,1/6/2019
Audio Video ,"Deluxe Products CD Player Portable with 60 Second Anti Skip, Stereo Earbuds, Includes Aux in Cable and AC USB Power Cable for use at Home or in Car",22,"4,027",Ships to Bangladesh,1/6/2019
Audio Video ,"Amazon Basics 12W (5V, 2.4A) Car Charger with Lightning Cable (Coiled) for iPhone and Apple Devices, 1.5 ft - Black",10,"10,101",Ships to Bangladesh,1/7/2019
Audio Video ,"SAMSUNG 25W Wall Charger USB C Adapter, Super Fast Charging Block for Galaxy Phones and Devices, Cable Not Included, 2021, US Version, Black",14,"5,953",Ships to Bangladesh,1/7/2019
Audio Video ,"USB Wall Charger, Cube Charger 2 Port Charging Box 4Pack 2.1A/5V Home Travel Charger Plug USB Power Adapter Charging Station Base for iPhone 14 13 12 11 Pro Max XR XS X 8 7 6 Plus, iPad, iPod,Samsung",12,"3,113",Ships to Bangladesh,1/9/2019
Audio Video ,"PopSockets Phone Mount for Car, Car Vent Phone Mount, Car Mount for Phone - Black",16,"11,539",Ships to Bangladesh,1/9/2019
Audio Video ,"Uniden Bearcat BC125AT Handheld Scanner, 500-Alpha-Tagged Channels, Close Call Technology, PC Programable, Aviation, Marine, Railroad, NASCAR, Racing, and Non-Digital Police/Fire/Public Safety.",110,"7,574",Ships to Bangladesh,1/10/2019
Audio Video ,"USB C Car Charger, 2 Sockets Cigarette Lighter Splitter 12/24V 80W Dual USB Type-C Ports Separate Switch LED Voltage Display Built-in Replaceable 10A Fuse Compatible Mobile Cell Phone GPS Dash Cam",16,"10,803",Ships to Bangladesh,1/10/2019
Audio Video ,"DEWALT 20V MAX Bluetooth Speaker, 100 ft Range, Durable for Jobsites, Phone Holder Included, Lasts 8-10 Hours with Single Charge (DCR010), Yellow/Black",99,"7,947",Ships to Bangladesh,1/11/2019
Audio Video ,"Amazon Basics 3.5mm Aux Jack Audio Extension Cable, Male to Female, Adapter for Headphone or Smartphone, 6 Foot, Black",6,"57,662",Ships to Bangladesh,1/13/2019
Audio Video ,"Amazon Basics 12W One Port USB-A Wall Charger (2.4 Amp) for Phones (iPhone 13/12/11/X, Samsung, and more), Pack of 2, White",7,"31,091",Ships to Bangladesh,1/13/2019
Audio Video ,"MEE audio Connect Air in-Flight Bluetooth Wireless Audio Transmitter Adapter for up to 2 AirPods / Other Headphones; Works with All 3.5mm Aux Jacks on Airplanes, Gym Equipment, TVs, & Gaming Consoles",49,"2,020",Ships to Bangladesh,1/13/2019
Audio Video ,Harman Kardon Onyx Studio 7 Bluetooth Wireless Portable Speaker - 8 Hours Music Play time - Black,134,"1,680",Ships to Bangladesh,1/13/2019
Audio Video ,"Cobra 29 LTD Professional CB Radio - Easy to Operate Emergency Radio, Instant Channel 9, 4-Watt Output, Full 40 Channels, Adjustable Receiver and SWR Calibration, Dual-Mode AM/FM Access, Black",139,"3,479",Ships to Bangladesh,1/13/2019
Audio Video ,"Amazon Basics 2-Pack 3.5mm Aux Audio Cable for Stereo Speaker or Subwoofer with Gold-Plated Plugs, 4 Foot, Black",7,"72,951",Ships to Bangladesh,1/13/2019
Audio Video ,"SAMSUNG 15W Wireless Charger Duo w/ USB C Cable, Charge 2 Devices at Once, Cordless Super Fast Charging Pad for Galaxy Phones and Devices, 2022, US Version, Black",46,"1,066",Ships to Bangladesh,1/13/2019
Audio Video ,"Belkin Wireless Charger - Qi-Certified 10W Max Fast Charging Pad - Quick Charge Cordless Flat Charger - Universal Qi Compatibility for iPhone, Samsung Galaxy, AirPods, Google Pixel, and more",13,"2,563",Ships to Bangladesh,1/13/2019
Audio Video ,"JBL Charge 3 Waterproof Portable Bluetooth Speaker (Black), 1",131,"41,637",Ships to Bangladesh,1/13/2019
Audio Video ,"Belkin Magnetic Wireless Car Charger - MagSafe Compatible Car Mount Wireless Charger - Air Vent Mount With Included Power Supply for iPhone 14, iPhone 13 & iPhone 12 - Car Magnetic Phone Mount Charger",59,"1,808",Ships to Bangladesh,1/13/2019
Audio Video ,Marshall Emberton II Portable Bluetooth Speaker - Black & Brass,168,492,Ships to Bangladesh,1/13/2019
Audio Video ,"Adaptive Fast Type C Charger Compatible Samsung Galaxy S21+ S21 Ultra 5G S9 S8 Plus S10 S10e S20 FE Note 8 9 10 20 Plus, 2 Pack Charging Adapter + 2 Pack 6.6ft USB-C Cables",12,"14,845",Ships to Bangladesh,1/14/2019
Audio Video ,"Altec Lansing Mini H2O - Waterproof Bluetooth Speaker, IP67 Certified & Floats in Water, Compact & Portable Speaker for Hiking, Camping, Pool, and Beach",12,"15,081",Ships to Bangladesh,1/15/2019
Audio Video ,PopSockets PopMount Multi-Surface Mount for PopSockets PopGrip - Black,9,"1,935",Ships to Bangladesh,1/16/2019
Audio Video ,"Motorola T200TP Talkabout Radio, 3 Pack",84,"3,013",Ships to Bangladesh,1/16/2019
Audio Video ,"Pyle Marine Radio Receiver Speaker Set 12v Single Din Style Bluetooth Compatible Waterproof Digital Boat In Dash Console System with Mic 4 Speakers, Remote Control, Wiring Harness PLMRKT38W (White)",59,"1,631",Ships to Bangladesh,1/16/2019
Audio Video ,"JBL Flip 6 - Portable Bluetooth Speaker, powerful sound and deep bass, IPX7 waterproof, 12 hours of playtime, JBL PartyBoost for multiple speaker pairing, for home, outdoor and travel (Grey)",99,"6,019",Ships to Bangladesh,1/16/2019
Audio Video ,4 Long Range Walkie Talkies Rechargeable for Adults - NOAA 2 Way Radios Walkie Talkies 4 Pack - Long Distance Walkie-Talkies with Earpiece and Mic Set Headsets USB Charger Battery Weather Alert,79,"4,806",Ships to Bangladesh,1/18/2019
Audio Video ,"Cobra HHRT50 Road Trip CB Radio - 2-Way Handheld Emergency Radio with Access to Full 40 Channels & NOAA Alerts, Rooftop Magnet Mount Antenna and Omni-Directional Microphone, Black, 6.3"" x 2"" x 1.75""",89,"2,673",Ships to Bangladesh,1/19/2019
Audio Video ,"DEWALT DXFRS800 2 Watt Heavy Duty Walkie Talkies - Waterproof, Shock Resistant, Long Range & Rechargeable Two-Way Radio with VOX (2 Pack)",149,"2,556",Ships to Bangladesh,1/19/2019
Audio Video ,MOTOROLA SOLUTIONS Talkabout T460 Rechargeable Two-Way Radio Pair (Dark Blue),82,"5,195",Ships to Bangladesh,1/19/2019
Audio Video ,"DEWALT 12V/20V MAX Bluetooth Radio, Cordless, 100 ft Range, 3.5” Subwoofers, Portable for Jobsites (DCR028B)",179,"2,703",Ships to Bangladesh,1/19/2019
Audio Video ,"SanDisk 8GB Clip Jam MP3 Player, Black - microSD card slot and FM Radio - SDMX26-008G-G46K",34,"7,339",Ships to Bangladesh,1/20/2019
Audio Video ,Bitty Boomers Marvel Black Panther Blacklight - Mini Bluetooth Speaker,5,66,Ships to Bangladesh,1/20/2019
Audio Video ,Nite Ize Original Steelie Magnetic Phone Socket - Additional Magnet for Steelie Phone Mounting Systems,14,"15,641",Ships to Bangladesh,1/20/2019
Audio Video ,"ByronStatics Portable Radio AM FM, Vintage Retro Radio with Built in Speakers, Best Reception and Longest Lasting, Power Plug or 1.5V AA Battery - Cream",16,"9,491",Ships to Bangladesh,1/20/2019
Audio Video ,"SAMSUNG 45W Power Adapter (w/Cable C-to-C),USB,Black",39,830,Ships to Bangladesh,1/20/2019
Audio Video ,"Marshall Stanmore II Wireless Bluetooth Speaker, Black - NEW",379,"4,947",Ships to Bangladesh,1/20/2019
Audio Video ,"Cobra PX650 BCH6 - Professional/Business Walkie Talkies for Adults - Rechargeable, 300,000 sq. ft/25 Floor Range Two-Way Radio Set (6-Pack), Black",279,129,Ships to Bangladesh,1/20/2019
Audio Video ,Marshall Middleton Portable Bluetooth Speaker,299,76,Ships to Bangladesh,1/20/2019
Audio Video ,"SAMSUNG 35W Dual Port Wall Charger USB C Adapter, Super Fast Charging Block for Galaxy Phones and Devices, Cable Not Included, 2021, US Version, Black",32,"1,274",Ships to Bangladesh,1/20/2019
Audio Video ,"BAOFENG UV-5R Dual Band Two Way Radio (Black), 144-148MHz & 420-450MHz",44,"13,224",Ships to Bangladesh,1/20/2019
Audio Video ,"SanDisk 32GB Clip Sport Plus MP3 Player, Black - Bluetooth, LCD Screen, FM Radio - SDMX32-032G-G46K",279,"6,041",Ships to Bangladesh,1/20/2019
Audio Video ,"Marshall Acton III Bluetooth Home Speaker, Black",132,86,Ships to Bangladesh,1/20/2019
Audio Video ,Marshall Emberton Bluetooth Portable Speaker - Black,13,"5,607",Ships to Bangladesh,1/20/2019
Audio Video ,ByronStatics Portable Cassette Players Recorders FM AM Radio Walkman Tape Player Built In Mic External Speakers Manual Record VAS Automatic Stop System 2AA Battery Or USB Power Supply Headphone Jack,39,"18,920",Ships to Bangladesh,1/20/2019
Audio Video ,"Motorola T100 Talkabout Radio, 2 Pack",259,"9,421",Ships to Bangladesh,1/20/2019
Audio Video ,"DEWALT 20V MAX Bluetooth Radio, 100 ft Range, Battery and AC Power Cord Included, Portable for Jobsites (DCR025)",11,"1,915",Ships to Bangladesh,1/20/2019
Audio Video ,"MaximalPower RHF 617-1N 3.5mm RECEIVER/LISTEN ONLY Surveillance Headset Earpiece with Clear Acoustic Coil Tube Earbud Audio Kit For Two-Way Radios, Transceivers and Radio Speaker Mics Jacks , Black",121,"5,352",Ships to Bangladesh,1/20/2019
Audio Video ,"Motorola T600 Talkabout Radio, 2 Pack",26,"2,732",Ships to Bangladesh,1/21/2019
Audio Video ,JENSEN® Cassette Player/Recorder,159,"5,758",Ships to Bangladesh,1/21/2019
Audio Video ,"Cobra 29LX Professional CB Radio - Emergency Radio, Travel Essentials, NOAA Weather Channels and Emergency Alert System, Selectable 4-Color LCD, Auto-Scan and Radio Check, Black",29,"2,717",Ships to Bangladesh,1/21/2019
Audio Video ,"Pyle Wireless Portable Bluetooth Boombox Speaker - 100 Watt Rechargeable Boom Box Speaker Portable Music Barrel Loud Stereo System with AUX Input, MP3/USB/SD Port, Fm Radio, 2.5"" Tweeter PBMSPG3BK",133,"2,667",Ships to Bangladesh,1/21/2019
Audio Video ,Milwaukee 2951-20 M12 Lithium-Ion Cordless Radio + Charger (Tool Only),39,829,Ships to Bangladesh,1/21/2019
Audio Video ,"iOttie Car Charger Easy One Touch Wireless 2 Qi Charging Dashboard Phone Mount for iPhone, Samsung Galaxy, Huawei, LG, Smartphones",21,"5,518",Ships to Bangladesh,1/21/2019
Audio Video ,"LENRUE Bluetooth Speaker, Wireless Portable Speaker with Loud Stereo Sound, Rich Bass, 12-Hour Playtime, Built-in Mic. Perfect for iPhone, Samsung and More",22,"8,805",Ships to Bangladesh,1/23/2019
Audio Video ,"Leviton T5633-W 15-Amp Type A & Type-C USB Charger/Tamper Resistant Outlet, Not for Laptops, White",155,"1,773",Ships to Bangladesh,1/23/2019
Audio Video ,Harman Kardon Onyx Studio 6 Wireless Bluetooth Speaker - IPX7 Waterproof Extra Bass Sound System with Rechargeable Battery and Built-in Microphone - Black,99,"2,233",& Up,1/26/2019
Audio Video ,"45W USB C Super Fast Charger, INIU I622 PD PPS Foldable Dual USB C Wall Charger Supports Super Fast Charging for Samsung S23 Ultra/S23/S22/S21/S20/Note, MacBook Air, Steam Deck, iPhone 14, iPad",21,641,Ships to Bangladesh,1/26/2019
Audio Video ,Motorola Talkabout T465 Rechargeable Two-Way Radio Bundle (Green),97,"1,996",Ships to Bangladesh,1/26/2019
Audio Video ,"Uniden BCD436HP HomePatrol Series Digital Handheld Scanner. TrunkTracker V, Simple Programming, S.A.M.E. Emergency/Weather Alert, Covers USA and Canada",467,"2,980",Ships to Bangladesh,1/26/2019
Audio Video ,Marshall Emberton Bluetooth Portable Speaker - Black & Brass,119,"3,360",Ships to Bangladesh,1/26/2019
Audio Video ,"Motorola T260 Talkabout Radio, (Pack of 2)",79,"5,229",Ships to Bangladesh,1/26/2019
Audio Video ,10-Port USB Wall Charger Station with Rapid Charging Auto Detect Technology Safety Guaranteed Family-Sized USB Ports for Multiple Devices Smart Phone Tablet Laptop Computer,22,"4,425",Ships to Bangladesh,1/26/2019
Audio Video ,Marshall Willen Portable Bluetooth Speaker - Black & Brass,119,242,Ships to Bangladesh,1/26/2019
Audio Video ,"Klein Tools AEPJS1 Bluetooth Speaker, Wireless Portable Jobsite Speaker Plays Audio and Answers Calls Hands Free, IPX5, Worksite Ready, Orange, Black, Gray",39,"4,517",Ships to Bangladesh,1/26/2019
Audio Video ,"Uniden BC365CRS 500 Channel Scanner and Alarm Clock with Snooze, Sleep, and FM Radio with Weather Alert, Search Bands Commonly used for Police, Fire/EMS, Aircraft, Radio, and Marine Transmissions",95,"4,989",Ships to Bangladesh,1/27/2019
Audio Video ,"Amazon Basics 65W One-Port GaN USB-C Wall Charger with Power Delivery PD for Laptops, Tablets and Phones (iPhone 14/13/12/11/X, iPad, MacPro, Samsung, and more)-Black (non-PPS)",19,"3,736",Ships to Bangladesh,1/27/2019
Audio Video ,"SAMSUNG MX-ST40B Sound Tower High Power Audio, 160W Floor Standing Speaker, Bi-Directional Sound, Built-in Battery, IPX5 Water Resistant, Party Lights, Bluetooth Multi-Connection, 2022",247,98,Ships to Bangladesh,1/27/2019
Audio Video ,"Motorola T605 Talkabout, 2 Pack Bundle",119,"1,820",Ships to Bangladesh,1/28/2019
Audio Video ,"SAMSUNG Electronics Wireless Charger Trio, Qi Compatible - Charge up to 3 Devices at Once - for Galaxy Phones, Buds, Watches, and Apple iPhone Devices, Black (US Version)",61,"3,892",Ships to Bangladesh,1/30/2019
Audio Video ,"GPX PC332B Portable CD Player with Anti-Skip Protection, FM Radio and Stereo Earbuds - Black",24,"10,143",Ships to Bangladesh,1/30/2019
Audio Video ,Razer Mouse Dock Pro with Wireless Charging Puck: Magnetic Wireless Charging - Integrated HyperPolling 4K Hz Transceiver - Anti-Slip Base - Chroma RGB Lighting - Classic Black,69,55,Ships to Bangladesh,1/31/2019
Audio Video ,"KEYMOX Qi-Certified Wireless Charger for iPhone13/ 12/12 Mini/12 Pro Max / SE, 11, 11 Pro, 11 Pro Max, XR, Xs Max, XS, X, 8, 8 Plus, 10W Fast-Charging Galaxy S20 S10 S9 S8, Note 10(No AC Adapter)",10,"4,305",Ships to Bangladesh,2/1/2019
Audio Video ,"Amazon Basics 24W (4.8A) Two Port USB-A Car Charger for Apple, Android Devices and more, Black and Red",8,"19,329",Ships to Bangladesh,2/2/2019
Audio Video ,Belkin Magnetic Portable Wireless Charger Pad - 6’ (2M) Long Cable - MagSafe Charger Compatible - iPhone Charger - Works w/ iPhone 14/13 & 12 - Power Supply Included - Black (Package May Vary),12,"1,585",Ships to Bangladesh,2/2/2019
Audio Video ,"Uniden BCD996P2 Digital Mobile TrunkTracker V Scanner, 25,000 Dynamically Allocated Channels, Close Call RF Capture Technology, 4-Line Alpha display, Base/Mobile Design, Phase 2, Location-Based Scanning",389,"1,321",Ships to Bangladesh,2/2/2019
Audio Video ,"Altec Lansing Sonic Boom - Waterproof Bluetooth Speaker with Phone Charger, IP67 Outdoor Speaker, 3 USB Charging Ports, 50 Foot Range & 20 Hours Battery Life",149,"1,101",Ships to Bangladesh,2/3/2019
Audio Video ,"USB C Charger, INIU 30W PD QC 3.0 Dual Port Type C Charger Fast Charging Block, USB C Wall Charger with Foldable Plug for iPhone 14 13 12 11 Pro Max Samsung S21 S20 Note 20 iPad Pro Google LG AirPods",15,"2,343",Ships to Bangladesh,2/3/2019
Audio Video ,"Uniden BC355N 800 MHz 300-Channel Base/Mobile Scanner, Close Call RF Capture, Pre-programmed Search “Action” Bands to Hear Police, Ambulance, Fire, Amateur Radio, Public Utilities, Weather, and More, Black",113,"5,151",Ships to Bangladesh,2/4/2019
Audio Video ,"SAMSUNG 15W Wireless Charger Single, Cordless Super Fast Charging Pad for Galaxy Phones and Devices, USB C Cable Included, 2022, US Version, Black",48,549,Ships to Bangladesh,2/4/2019
Audio Video ,"Amazon Basics 36W Two-Port USB-C Wall Charger with Power Delivery PD for Tablets & Phones (iPhone 14/13/12/11/X,iPad,Samsung)-Black (non-PPS)",13,"1,761",Ships to Bangladesh,2/4/2019
Audio Video ,"NOCO NUSB211NA 10W USB Power Adapter, 2.1A 5V Wall Charger and Compatible with NOCO, Apple, Samsung, Google, Amazon Devices",13,"5,088",Ships to Bangladesh,2/6/2019
Audio Video ,"Victrola Retro Wood Bluetooth Radio with Built-in Speakers, Elegant & Vintage Design, Rotary AM/FM Tuning Dial, Wireless Streaming, Walnut",54,"6,310",Ships to Bangladesh,2/6/2019
Audio Video ,Bose Music Amplifier – Speaker amp with Bluetooth & Wi-Fi connectivity,599,35,Ships to Bangladesh,2/6/2019
Audio Video ,"Car Charger, 150W 2-Socket Cigarette Lighter Splitter QC 3.0 Dual USB Ports 1 USB C Fast Car Adapter with Separate Switch LED Voltmeter Replaceable 15A Fuse for GPS/Dash Cam/Phone/iPad",18,"5,628",Ships to Bangladesh,2/6/2019
Audio Video ,"Dell Dual Charge Dock HD22Q - Fabric Wrapped Charging Stand, Type-C Connector, Qi Enabled Charging, Wake-on-Dock, Smartphone Rest, Power Button LED - Magnetite,Black",131,28,Ships to Bangladesh,2/7/2019
Audio Video ,OtterBox Performance Car Dash & Windshield Mount for MagSafe - Black,49,914,Ships to Bangladesh,2/7/2019
Audio Video ,Sangean WR-11SE AM/FM Table Top Radio 40th Anniversary Edition Walnut,81,"5,133",Ships to Bangladesh,2/8/2019
Audio Video ,"PopSockets Phone Wallet with Expanding Grip, Phone Card Holder, Wireless Charging Compatible, Wallet for MagSafe - Blanc Fresh",39,112,Ships to Bangladesh,2/11/2019
Audio Video ,"Belkin 3-in-1 Wireless Charger - Fast Wireless Charging Stand for Apple iPhone, Apple Watch & AirPods - iPhone Case Compatible Qi Charger - Wireless Charging Station For Multiple Devices - Black",119,"2,953",Ships to Bangladesh,2/11/2019
Audio Video ,"Uniden Bearcat SR30C, 500-Channel Compact Handheld Scanner, Close Call RF Capture, Turbo Search, PC programable, NASCAR, Racing, Aviation, Marine, Railroad, and Non-Digital Police, Fire, Public Safety",99,"2,402",Ships to Bangladesh,2/11/2019
Audio Video ,"SAMSUNG Galaxy 15W Wireless Charger Single, Cordless Super Fast Charging Pad w/ Wall Charger and USB Type C Cable Included for Galaxy Phones and Devices, US Version, 2022, White",47,100,Ships to Bangladesh,2/11/2019
Audio Video ,Midland LXT600BBX4 FRS Business Bundle,319,"7,799",Ships to Bangladesh,2/11/2019
Audio Video ,"NOCO U65 65W USB-C Charger, Power Delivery (PD) Fast Charger, Portable Micro Wall Charger and International Travel Charger with Interchangeable Plugs for Apple, Google, Samsung, Microsoft and More",69,418,Ships to Bangladesh,2/11/2019
Audio Video ,"Amazon Basics 10W Qi Certified Wireless Charging Stand (No AC Adapter), Black",17,"1,666",Ships to Bangladesh,2/11/2019
Audio Video ,"USB A & USB C Charger Block, INIU 45W PD QC3.0 PPS USB-C Foldable Wall Charger Supports Super Fast Charging for Samsung S23 Ultra S23 S22 S21 S20, iPhone 14 13 12, iPad, MacBook Air, Steam Deck",18,109,Ships to Bangladesh,2/11/2019
Audio Video ,"Uniden PRO401HH Professional Series 40 Channel Handheld CB Radio, 4 Watts Power with Hi/Low Power Switch, Auto noise cancellation, Belt Clip And Strap Included, 2.75in. x 4.33in. x 8.66in.",49,"3,232",Ships to Bangladesh,2/11/2019
Audio Video ,"Bang & Olufsen Beosound A1 (2nd Generation) Wireless Portable Waterproof Bluetooth Speaker with Microphone, Anthracite",227,"2,845",Ships to Bangladesh,2/12/2019
Audio Video ,"3-in-1 MagSafe Charger Stand, 18W Fast Magnetic Charger for iPhone 14, 13 & 12 Series - Apple Watch & AirPods, Wireless Charging Station for Multiple Devices with Adapter and LED",35,137,Ships to Bangladesh,2/14/2019
Audio Video ,"Amazon Basics 15W Qi Certified Wireless Charging Pad (No AC Adapter), Black",17,"2,499",Ships to Bangladesh,2/14/2019
Audio Video ,"Samsung Type-C to Type-C 1.8m Cable (3A), Black",10,131,Ships to Bangladesh,2/14/2019
Audio Video ,"Samsung 65W 3-Port Super Fast Charging Wall Charger, 1x USB-C 65W, 1x USB-C 25W, 1x USB-A 25W, Max capacity 65W (Cable not included), Black, US version",59,195,Ships to Bangladesh,2/14/2019
Audio Video ,"Uniden HomePatrol-2 Color Touchscreen Simple Program Digital Scanner, TrunkTracker V and S,A,M,E, Emergency/Weather Alert, APCO P25 Phase 1 and 2! Covers USA and Canada, Quick Record and Playback",445,"1,312",Ships to Bangladesh,2/15/2019
Audio Video ,Marshall Acton II Bluetoth Speaker,250,"1,039",Ships to Bangladesh,2/16/2019
Audio Video ,"Belkin iPhone MagSafe Camera Mount for MacBook, iPhone Continuity Camera Mount, Turn iPhone to Webcam, Compatible with MacBook Pro, Air, iPhone 14, iPhone 13, iPhone 12, Black",29,324,Ships to Bangladesh,2/16/2019
Audio Video ,"Belkin 40W Dual Port USB C Wall Charger - USB Type C Charger Fast Charging for iPhone 14, 14 Pro, 14 Pro Max, 13, 13 Pro, 13 Pro Max, Galaxy S21 Ultra, iPad, AirPods & More - USBC Charger (1-Pack)",29,"1,290",Ships to Bangladesh,2/17/2019
Audio Video ,"Bang & Olufsen Beolit 20 Powerful Portable Wireless Bluetooth Speaker, Grey Mist",399,895,Ships to Bangladesh,2/18/2019
Audio Video ,FIRESTIK K-4A CB RADIO ANTENNA HEAVY DUTY SO-239 STUD MOUNT (BULK),12,"3,107",Ships to Bangladesh,2/18/2019
Audio Video ,Sangean LB-100 Ultra Rugged Compact AM / FM Radio Yellow,74,"3,461",Ships to Bangladesh,2/20/2019
Audio Video ,SABRENT 60 Watt (12 Amp) 10 Port [UL Certified] Family Sized Desktop USB Rapid Charger. Smart USB Ports with Auto Detect Technology [Black] (AX-TPCS),27,"8,255",Ships to Bangladesh,2/20/2019
Audio Video ,"Motorola T200 Talkabout Radio, 2 Pack",45,"1,147",Ships to Bangladesh,2/20/2019
Audio Video ,"Scosche MAGWDM MagicMount Magnetic Car Phone Holder Windshield or Dashboard Mount - 360 Degree Adjustable Head, Universal with All Devices - Flex Neck Suction Mount (Color:Black) XL",11,"11,049",Ships to Bangladesh,2/21/2019
Audio Video ,"Olympus WS-853 black voice recorder with true stereo mic, 8GB, 110 hours battery life, voice balance, direct USB connection, with MP3 file format.",75,"1,771",Ships to Bangladesh,2/22/2019
Audio Video ,"Uniden BCD325P2 Handheld TrunkTracker V Scanner. 25,000 Dynamically Allocated Channels. Close Call RF Capture Technology. Location-Based Scanning and S.A.M.E. Weather Alert. Compact Size.",348,818,Ships to Bangladesh,2/23/2019
Audio Video ,ULTIMATE EARS Boom 3 Portable Bluetooth Wireless Speaker (Waterproof) - Night Black (Renewed),24,"2,511",Ships to Bangladesh,2/23/2019
Audio Video ,"iOttie iTap 2 Magnetic Dashboard Car Mount Holder || Cradle for Samsung Galaxy S22, Google Pixel 7, Motorola Moto G, OnePlus 10, Sony Xperia & Other Android Smartphones",19,"5,128",Ships to Bangladesh,2/24/2019
Audio Video ,"ByronStatics Portable Disc CD player, Personal Walkman Music CD Players Anti-Skip Shockproof Protection, Portable and Lightweight, Headphones Jack, Powered DC or 2XAA Battery - Pink",94,908,Ships to Bangladesh,2/24/2019
Audio Video ,"Uniden MHS75 Waterproof Handheld 2-Way VHF Marine radio, Submersible, Selectable 1/2.5/5 Watt Transmit Power. All USA/International and Canadian Marine Channels - Color Black",41,"1,916",Ships to Bangladesh,2/27/2019
Audio Video ,"SAMSUNG 15W Wireless Charger Duo w/ USB C Cable, Charge 2 Devices at Once, Cordless Super Fast Charging Pad for Galaxy Phones and Devices, 2022, US Version, White",15,166,Ships to Bangladesh,3/1/2019
Audio Video ,"Amazon Basics Universal Smartphone Holder for Car Air Vent, Grey",428,"4,670",Ships to Bangladesh,3/1/2019
Audio Video ,"Marshall Woburn II Wireless Bluetooth Speaker Black, - New",76,"1,352",Ships to Bangladesh,3/1/2019
Audio Video ,"Cobra ACXT645 Waterproof Walkie Talkies for Adults - Rechargeable, 22 Channels, Long Range 35-Mile Two-Way Radio Set (2-Pack), Black and Orange, 1.74 x 2.54 x 6.74 inches",16,513,Ships to Bangladesh,3/1/2019
Audio Video ,"SAMSUNG 15W Wall Charger Type C (USB-C Cable Included), Black",69,355,Ships to Bangladesh,3/1/2019
Audio Video ,"NAXA Electronics NPB-426 Portable CD Player with AM/FM Stereo Radio, Cassette Player/Recorder and Twin Detachable Speakers",79,"3,159",Ships to Bangladesh,3/1/2019
Audio Video ,"Pyle 4” Waterproof Off-Road Bluetooth Speakers -800W Power w/ Amplified Speaker System for ATV/UTV,Aux (3.5mm) Input Jack,Marine Grade Weatherproof,Great for Use w/all 12V Vehicles- PLUTV43BTA ,Black",166,872,Ships to Bangladesh,3/1/2019
Audio Video ,Dual Electronics DBTMA100 Black Micro Wireless Bluetooth 2 Channel Stereo Class-D Amplifier | 3.5 mm AUX Input | Stereo RCA Outputs | 100 Watts Peak Power | Up to 100ft of Wireless Bluetooth Range,18,"1,601",Ships to Bangladesh,3/1/2019
Audio Video ,"iOttie Velox Magnetic Car Mount Air Vent Phone Holder. Compatible with MagSafe iPhones including iPhone 12, iPhone 13, iPhone 14, iPhone 12/13/14 Pro & Pro Max, iPhone 12/13 mini, iPhone 14 Plus",24,681,Ships to Bangladesh,3/1/2019
Audio Video ,"UGREEN 1/8 to 1/4 Stereo Cable 3.5mm TRS to 6.35mm Audio Cable Guitar to Aux Male Cord with Zinc Alloy Housing and Nylon Braid for Guitar, Laptop, Home Theater Devices, Speaker and Amplifiers 6FT",695,"11,525",Ships to Bangladesh,3/1/2019
Audio Video ,"mophie 15W Universal Wireless Charge Pad, Qi-Compatible Charger for Samsung Galaxy, Google Pixel, Apple iPhone 11/12/13 (Mini, Pro, and Pro Max), iPhone XR/XS/SE/ 8 (Black)",19,734,Ships to Bangladesh,3/2/2019
Audio Video ,"Samsung EP-TA20JBEUGUS Fast Charge USB-C 15W Wall Charger for Galaxy Note 8, 9, Galaxy S8, S8+, S9, S9+, S10, S10+, S10E Inbox Replacement - Retail Packaging - Black",27,"4,968",Ships to Bangladesh,3/2/2019
Audio Video ,"SAMSUNG Wireless Charger Fast Charge Pad (2021), Universally Compatible with Qi Enabled Phones (US Version), Black, 9W",18,"3,337",Ships to Bangladesh,3/2/2019
Audio Video ,SAMSUNG Sound Tower MX-T50 - 500-Watts - Black (2020),114,"1,220",Ships to Bangladesh,3/2/2019
Audio Video ,"Bitty Boomers Disney: Tim Burton's The Nightmare Before Christmas - Jack Skellington Vengeful Face - Glow in The Dark - Mini Bluetooth Speaker, Multicolored",27,"1,114",Ships to Bangladesh,3/3/2019
Audio Video ,Motorola Solutions Talkabout T475 Extreme Two-Way Radio Black W/Yellow Rechargeable Two Pack,85,283,Ships to Bangladesh,3/3/2019
Audio Video ,"Kenu Airframe Pro | Universal Vent Car Phone Mount Holder for iPhone, Android, Pixel, Samsung, LG, Moto, Huawei, Nokia, and Large to XL Smartphones",18,"17,410",Ships to Bangladesh,3/3/2019
Audio Video ,"Uniden Bearcat BC75XLT Handheld Scanner, 300 Channels, 10 banks, Close Call Technology, PC Programable, NOAA Weather, Aviation, Marine, Railroad, NASCAR, and Non-Digital Police/Fire/Public Safety",19,"2,854",Ships to Bangladesh,3/3/2019
Audio Video ,"Charging Block for iPhone, Charger Box, USB Cube, NonoUV 10-Pack Single Port Wall Charger 1A/5V USB Outlet Plug Adapter Power Bricks for iPhone 13 12 11 Pro SE XR XS X 8 7 6 6S Plus, iPad, Samsung",149,117,Ships to Bangladesh,3/3/2019
Audio Video ,"Macally Car Headrest Tablet Holder, Adjustable iPad Car Mount for Kids in Backseat, Compatible with Devices Such as iPad Pro Air Mini, Galaxy Tabs, And 7"" to 10"" Tablets and Cell Phones - Black",7,"2,751",Ships to Bangladesh,3/3/2019
Audio Video ,Marshall Stockwell II Portable Bluetooth Speaker - Black and Brass,9,"3,904",Ships to Bangladesh,3/3/2019
Audio Video ,"PopSockets Multi-Surface Phone Mount, Universal Phone Stand, Phone Holder Stand - Black",412,"2,002",Ships to Bangladesh,3/3/2019
Audio Video ,"KEY-BAK MIC-BAK CB Radio Retractable Tether, 36"" Kevlar Cord, 8"" Nylon Attachment Loop, D-Ring Mount Included (0KR3-4A11)",34,452,Ships to Bangladesh,3/3/2019
Audio Video ,"Eton - Elite 750, The Classic AM/FM/LW/VHF/Shortwave Radio with Single Side Band, 360° Rotating AM Antenna, 1000 Channels, Back-Up Battery Packs, Commitment to Preparedness",12,"2,343",Ships to Bangladesh,3/4/2019
Audio Video ,"Belkin Quick Charge 10W Wireless Charger - Qi-Certified Charger Stand for iPhone, Samsung Galaxy - Charge While Listening to Music, Streaming Videos, & Video Calling - Includes AC Adapter - Black",12,"5,406",Ships to Bangladesh,3/4/2019
Audio Video ,"Amazon Basics 20W One-Port USB-C Wall Charger with Power Delivery PD for Tablets & Phones (iPhone 14/13/12/11/X, iPad, Samsung)-White (non-PPS)",47,319,Ships to Bangladesh,3/5/2019
Audio Video ,"Scosche MRK2PK-UB MagicMount Phone Replacement Plate Kit - for Magnetic Car Phone Mount Holder with Extra Strength Hold, Universal with All Devices, Black, Pack of 2",79,"26,219",Ships to Bangladesh,3/5/2019
Audio Video ,"Midland - LXT500VP3, 22 Channel FRS Walkie Talkies with Channel Scan - Extended Range Two Way Radios, Silent Operation, Batteries Included (Pair Pack) (Black)",13,"4,502",Ships to Bangladesh,3/5/2019
Audio Video ,"Klein Tools AEPJS3 Bluetooth Jobsite Speaker With Magnet and Hook, 20-Hr Run Time, Charge Devices Via USB A or C Ports, Daisy Chain for Pairing, Hands Free Capable, IP54 Dust and Water Resistant",19,320,Ships to Bangladesh,3/5/2019
Audio Video ,Astatic 302-10309 Stars N' Stripes Noise Canceling 4-Pin CB Microphone,61,"1,271",Ships to Bangladesh,3/5/2019
Audio Video ,"Pyle Wireless Portable Bluetooth Boombox Speaker - 500W 2.0CH Rechargeable Boom Box Speaker Portable Barrel Loud Stereo System with AUX Input/USB/SD/Fm Radio, 3"" Subwoofer, Voice Control - PBMWP185",249,"1,739",Ships to Bangladesh,3/7/2019
Audio Video ,"Zoom Q2n-4K Handy Video Recorder, 4K/30P Ultra High Definition Video, Compact Size, Stereo Microphones, Wide Angle Lens, for Recording Music, Video, YouTube Videos, Livestreaming",579,918,Ships to Bangladesh,3/7/2019
Audio Video ,Marshall Woburn III Bluetooth Wireless Speaker,11,29,Ships to Bangladesh,3/7/2019
Audio Video ,"Belkin 20 Watt USB C Wall Charger - USB Type C Charger Fast Charging for Apple iPhone 14, 14 Pro, 14 Pro Max, 13, 13 Pro, 13 Pro Max, Galaxy S21 Ultra, iPad, AirPods & More - USBC Charger (1-Pack)",34,"1,068",Ships to Bangladesh,3/7/2019
Audio Video ,"PopSockets Phone Wallet, Phone Card Holder, Wireless Charging Compatible, Wallet for MagSafe - Black",30,4,Ships to Bangladesh,3/7/2019
Audio Video ,"Olympus VN-541PC digital voice recorder with one-touch recording, noise-cancellation function, 4GB memory, four scenes recording, includes a micro-USB cable.",42,906,Ships to Bangladesh,3/7/2019
Audio Video ,"Jensen FM Stereo CD555 Bluetooth Boombox, Silver, 7.00 x 9.75 x 6.00 inches",33,"2,411",Ships to Bangladesh,3/7/2019
Audio Video ,"Walker's AM/FM Radio Muff with Digital Display, Black",9,"1,023",Ships to Bangladesh,3/7/2019
Audio Video ,"Eton American Red Cross Crank-Powered Clipray Clip-On Flashlight & Smartphone Charger, Solar Powered, Hand Crank, Cherry Red, Commitment to Preparedness",18,"3,458",Ships to Bangladesh,3/10/2019
Audio Video ,Nite Ize STF-01-R7 Original Steelie FreeMount Bracket - Additional FreeMount for Steelie Magnetic Phone Mounting Systems Black,15,"2,378",Ships to Bangladesh,3/10/2019
Audio Video ,"Bitty Boomers Star Wars: Book of Boba Fett - Boba Fett Mini Bluetooth Speaker, Olive Green, 2.3 inches",179,"1,428",Ships to Bangladesh,3/10/2019
Audio Video ,"BOSCH GPB18V-5CN 18V Jobsite Radio with Bluetooth® 5.0 and Power Station , Black",79,173,Ships to Bangladesh,3/11/2019
Audio Video ,JENSEN® Portable Stereo Bluetooth CD Music System with Cassette and Digital AM/FM Radio,26,427,Ships to Bangladesh,3/11/2019
Audio Video ,"Vivitar 1.5"" Digital Video Recorder (Style and Color May Vary)",29,52,Ships to Bangladesh,3/11/2019
Audio Video ,"Anker Roav SmartCharge F2 Bluetooth FM Transmitter, Wireless Audio Adapter and Receiver, Car Charger with Bluetooth, Car Locator, App Support, 2 USB Ports, PowerIQ",12,"6,116",Ships to Bangladesh,3/11/2019
Audio Video ,"iHome 2 Port USB Wall Charger: AC Pro Multiport USB Charger, USB Plug Adapter & Phone Charging Block, Double USB Wall Plug, Flat 2 Port USB Charger & USB Wall Adapter",116,"5,168",Ships to Bangladesh,3/11/2019
Audio Video ,"mophie 3-in-1 Wireless Charging Stand for Apple iPhone, AirPods/AirPods Pro & Watch, 15W Super-Fast Charging, Stylish Gloss Finish, Portrait or Landscape Smartphone Charging Mode, Black Fabric",79,"3,373",Ships to Bangladesh,3/11/2019
Audio Video ,"Altec Lansing IMW578L LifeJacket 3, Up to 30 Hours of Battery Life, IP67 Everything Rating: Waterproof, Dirtproof, Snowproof and it Floats! | Royal Blue (IMW578L-RYB)",129,546,Ships to Bangladesh,3/11/2019
Audio Video ,"Roku Wireless Bass | Slim Subwoofer Streambar, Streambar Pro Wireless Speakers",29,96,Ships to Bangladesh,3/11/2019
Audio Video ,Scosche Compatible with CarPlay or Android Auto Passthrough PowerVolt 27W Dash Port USB Type-C Car Charger with Power Delivery 3.0 CPPDRLK-SP,24,81,Ships to Bangladesh,3/13/2019
Audio Video ,Motorola 53724 Remote Speaker Microphone (Black),50,"1,621",Ships to Bangladesh,3/13/2019
Audio Video ,"SanDisk 32GB Clip Sport Go MP3 Player, Black - LED Screen and FM Radio - SDMX30-032G-G46K",49,656,Ships to Bangladesh,3/14/2019
Audio Video ,"Eton - American Red Cross FRX3+ Emergency NOAA Weather Radio, Red, Digital Display, Hand Turbine, Solar Power, Red LED Flashing Beacon, 7 NOAA/Environment Canada Weather Bands, Phone Charger",52,"3,252",Ships to Bangladesh,3/14/2019
Audio Video ,"HALO Bolt Wall Plug AC Charge Adapter for HALO Bolt 57720, Bolt 58830, Bolt ACDC Wireless, Bolt Air Portable, Black",16,"3,510",Ships to Bangladesh,3/14/2019
Audio Video ,"Motorola T107 Talkabout Radio, 2 Pack",29,"1,902",Ships to Bangladesh,3/14/2019
Audio Video ,"Belkin 24W Dual Port USB Wall Charger - iPhone Fast Charging - USB Charging Block for Power Bank, iPhone 14, iPhone13, iPhone 12, iPhone 11, iPad Pro, Samsung & More, iPhone Cable Not Included",24,412,Ships to Bangladesh,3/14/2019
Audio Video ,"Theater Solutions B43GR Fully Wireless 120 Watt Rechargeable Battery Bluetooth Rock Speaker Pair Slate Grey Link Up to 99 Speakers Wirelessly, Slate Gray",149,653,Ships to Bangladesh,3/14/2019
Audio Video ,"Belkin 37 Watt Dual USB Car Charger - Power Delivery 25W USB C Port & 12W USB A Port for PPS Charging Apple iPhone 14, 14 Pro, 14 Pro Max, iPhone 13, Samsung Galaxy, AirPods & More",24,834,Ships to Bangladesh,3/14/2019
Audio Video ,"GPX Portable Cassette Player, 3.54 x 1.57 x 4.72 Inches, Requires 2 AA Batteries - Not Included, Red/Black (CAS337B) Black/Red",17,"1,665",Ships to Bangladesh,3/14/2019
Audio Video ,"Pyle Wireless Bluetooth Stereo Shelf System - 800w CD & DVD Player for Home Audio, Theater, HD, Mic & AUX Input, MP3, USB, FM Radio, Bass Reflex Speaker, w/Remote Control, Music Sync LED - PHSKR14",257,219,Ships to Bangladesh,3/14/2019
Audio Video ,"Belkin Magnetic Wireless Charger Stand - MagSafe Charger Compatible - Magnetic iPhone Charger - Wireless Charger - Works w/ Apple iPhone 14, iPhone 13 & iPhone 12 - Power Supply Not Included - Black",24,610,Ships to Bangladesh,3/14/2019
Audio Video ,"Belkin Car Vent Mount - Car Air Vent Mount For Phone - Phone Car Mount - Phone Stand - Phone Grip - Car Phone Holder Mount For iPhones, Samsungs, LGs & Most Smartphones",24,"4,727",Ships to Bangladesh,3/14/2019
Audio Video ,"Trianium Magnetic Dash Car Mount Phone Holder Desk Stand Compatible with iPhone, Samsung, Huawei, Nokia, LG, Moto Smartphone, Stick-on Dashboard 3M-Adhesive Bendable Base and Metal Plate Included",8,"1,578",Ships to Bangladesh,3/15/2019
Audio Video ,"Nilight Dual USB Charger 4.2A Rocker Switch Style USB Charger 12V/24V Fast Charge Socket Waterproof Quick Charger for Cars Boats Trucks RVs,2 Years Warranty",14,403,Ships to Bangladesh,3/15/2019
Audio Video ,"Belkin 65W Dual USB-C Wall Charger, Fast Charging Power Delivery 3.0 with GaN Technology for iPhone 14, 13, Pro, Pro Max, Mini, iPad Pro 12.9, MacBook, Galaxy S23, S23+, Ultra, Tablet, More - White",32,265,Ships to Bangladesh,3/15/2019
Audio Video ,"Nite Ize Steelie Orbiter Plus Dash Kit, Compatable With MagSafe Car Mount for iPhone 12, 13, Pro Max, Mini",44,"19,560",Ships to Bangladesh,3/15/2019
Audio Video ,Marshall Kilburn II Bluetooth Portable Speaker - Black & Brass,299,"2,966",Ships to Bangladesh,3/15/2019
Audio Video ,"Scosche MPDB MagicMount Pro Magnetic Car Phone Holder Mount - 360 Degree Adjustable Head, Universal with All Devices - Dashboard Mount",19,"6,213",Ships to Bangladesh,3/16/2019
Audio Video ,"Uniden SX507-2CKHS Up to 50 Mile Range Two-Way Radio Walkie Talkies W/Dual Charging Cradle, Waterproof, Floats, 22 Channels, 142 Privacy Codes, NOAA Weather Scan + Alert, Includes 2 Headsets",107,851,Ships to Bangladesh,3/17/2019
Audio Video ,"Monster Nomad | Portable Indoor/Outdoor Bluetooth and NFC Speaker, 30 Watts of Powerful Premium Sound, 30 Hours of Playtime, IPX4 Water Resistant, USB Port and Microphone/Guitar Input (Black)",111,"1,318",Ships to Bangladesh,3/17/2019
Audio Video ,"Air Audio The Worlds First Pull-Apart Wireless Bluetooth Speaker Portable Surround Sound and Multi-Room Use, Black",234,514,Ships to Bangladesh,3/17/2019
Audio Video ,"PopSockets: Car Mount Compatible with MagSafe, Magnetic Phone Holder for Car, Phone Mount for Car – Black",19,242,Ships to Bangladesh,3/17/2019
Audio Video ,"SYLVANIA SKCR2713 Under Counter CD Player with Clock Radio and Bluetooth, Silver",42,"4,973",Ships to Bangladesh,3/17/2019
Audio Video ,"Cobra 19 MINI Recreational CB Radio - 40 Channels, Travel Essentials, Time Out Timer, VOX, Auto Squelch, Auto Power, Instant Channel 9/19, 4-Watt Output, Easy to Operate, Black",79,233,Ships to Bangladesh,3/17/2019
Audio Video ,Midland – MXT400 - 40 Watt GMRS MicroMobile Two Way Microphone Radio - Off Roading Outdoor Boat Ranches Tractors Radio - 8 Repeater Channels NOAA Weather Alerts- Compatible GMRS Walkie Talkies,274,417,Ships to Bangladesh,3/17/2019
Audio Video ,"SAMSUNG 9W Wireless Charger Duo w/ USB C Cable, Charge 2 Devices at Once, Cordless Super Fast Charging Pad for Galaxy Phones and Devices, 2021, US Version, Black",39,"5,090",Ships to Bangladesh,3/17/2019
Audio Video ,"Astatic (302-10001SE) 636LSE 4-Pin Noise Canceling CB Microphone,XLR",36,"1,680",Ships to Bangladesh,3/17/2019
Audio Video ,"Belkin 37 Watt USB C Wall Charger - Power Delivery 25W USB C Port + 12W USB A Port for PPS Charging Apple iPhone 14, 14 Pro, 14 Pro Max, 13 Pro, 13 Pro Max, Galaxy S21 Ultra & More",22,"1,129",Ships to Bangladesh,3/17/2019
Audio Video ,JBL Xtreme 2 Portable Waterproof Wireless Bluetooth Speaker - Blue (Renewed),349,941,Ships to Bangladesh,3/17/2019
Audio Video ,"Marshall Stanmore II Wireless Bluetooth Speaker, White - NEW",169,844,Ships to Bangladesh,3/17/2019
Audio Video ,"Uniden BearTracker Scanner (BCT15X) with 9,000 Channels, TrunkTracker III Technology, Base/Mobile Design, Close Call RF Capture Technology with Location-Based Scanning, - Black Color",19,"1,291",Ships to Bangladesh,3/17/2019
Audio Video ,"SAMSUNG 25W Wall Charger USB C Adapter, Super Fast Charging Block for Galaxy Phones and Devices, Cable Not Included, 2021, US Version, White",7,830,Ships to Bangladesh,3/17/2019
Audio Video ,"ORIbox Car Phone Mount, Dashboard Car Phone Holder, Washable Strong Sticky Gel Pad Fit for All Cell Phones",123,"2,733",Ships to Bangladesh,3/17/2019
Audio Video ,"LG XBOOM Go Portable Bluetooth Speaker PL7 - LED Lighting and up to 24-Hour Battery, Black",14,"2,467",Ships to Bangladesh,3/17/2019
Audio Video ,"Scosche MAGCD2 MagicMount Magnetic CD Phone Holder for Car - 360 Degree Adjustable Head, Universal with All Devices - CD Player Phone Mount",31,"7,640",Ships to Bangladesh,3/17/2019
Audio Video ,"Midland AVPH10 Handheld/Wearable Speaker Microphone with Push-to-Talk for GMRS Radios, Black",99,579,Ships to Bangladesh,3/17/2019
Audio Video ,"JBL Wind 3 S - Slim Handlebar Bluetooth Speaker, Black",7,221,Ships to Bangladesh,3/17/2019
Audio Video ,"Sangean HDR-16 HD Radio/FM-Stereo/AM Portable Radio, Black",206,"1,108",Ships to Bangladesh,3/18/2019
Audio Video ,"Bitty Boomers Star Wars Darth Vader with Removable Helmet Bluetooth Speaker, Multicolor",19,640,Ships to Bangladesh,3/18/2019
Audio Video ,"PROSCAN Portable Blu-Ray, DVD, CD, USB, SD Multi Media Player High Resolution HD (13.3-Inch)",89,176,Ships to Bangladesh,3/18/2019
Audio Video ,ARKON Adhesive Car or Truck Phone Holder Mount for iPhone 12 11 Pro Max XS XR Galaxy Note 20 10 9 Retail Black (SM428),19,749,Ships to Bangladesh,3/18/2019
Audio Video ,"mophie 3-in-1 Magsafe Wireless Charging Stand for Apple iPhone, AirPods/AirPods Pro & Watch, 15W Super-Fast Charging, Stylish Gloss Finish - White (MagSafe charger not included)",74,475,Ships to Bangladesh,3/18/2019
Audio Video ,DEWALT 2-Port USB Wall Charger — NeverBlock Worksite Charger — Dual 5V 2.1A Power AC Adapter — Fast Charging Block Cube for iPhone 14 and Android,144,342,Ships to Bangladesh,3/18/2019
Audio Video ,iOttie Velox Pro MagSafe Compatible Dash & Windshield Car Mount with Wireless Charging & CyroFlow Cooling System. Compatible with MagSafe iPhones Including iPhone 12/13/14 (Car Charger Included),79,"1,103",Ships to Bangladesh,3/18/2019
Audio Video ,"Margaritaville “On The Rock” Outdoor Bluetooth Wireless Speaker | Durable Bluetooth Speakers, Fantastic Yard or Patio Decor, IPX-4 Waterproof Rated, Granite Grey (Two Pack)",149,570,Ships to Bangladesh,3/18/2019
Audio Video ,Sling AIRTVMINI AirTV Mini,39,272,Ships to Bangladesh,3/18/2019
Audio Video ,Igloo KoolTunes Boombox Cooler,229,55,Ships to Bangladesh,3/18/2019
Audio Video ,"Belkin Magnetic Car Vent Mount - MagSafe Compatible Car Mount - iPhone Car Accessories - Air Vent Mount For iPhone 14, iPhone 13 & iPhone 12 - Car Magnetic Phone Mount",5,"1,406",Ships to Bangladesh,3/18/2019
Audio Video ,"Uniden CMX760 Bearcat Off Road Series Compact Mobile CB Radio, 40-Channel Operation, Ultra-Compact for Easy Mounting, Large 7-Color Backlit LCD Display on Mic with Built-in Speaker Mic, Black",141,729,Ships to Bangladesh,3/19/2019
Audio Video ,"Belkin Wireless Charger (PSU Not Included), Made For MagSafe, 15W Fast Charging Pad with Kick Stand and 6.6ft Long Braided Cable, Compatible with iPhone 14 and 13, Pro, Max, Mini - Black",29,241,Ships to Bangladesh,3/19/2019
Audio Video ,Motorola PMMN4062A Remote Speaker Microphone with Impres Audio (Black),128,166,Ships to Bangladesh,3/19/2019
Audio Video ,"Portable Wall Mounted CD Player with Bluetooth, Homlab Mountable CD Music Player Built-in HiFi Speakers, Home Audio Boombox with Remote Control, FM Radio, LCD Display, Headphone Jack AUX USB TF Input",44,106,Ships to Bangladesh,3/19/2019
Audio Video ,"Samsung Type-C to Type-C 1.8m Cable (5A), Black",20,113,Ships to Bangladesh,3/19/2019
Audio Video ,TYT TH-9800 Quad Band 50W Cross-Band Mobile Car Ham Radio Black,249,644,Ships to Bangladesh,3/19/2019
Audio Video ,"Belkin Quick Charge Wireless Charging Pad - 15W Qi-Certified Charger Pad for iPhone, Samsung Galaxy, Apple Airpods Pro & More - Charge While Listening to Music, Streaming Videos, & Video Calls - Black",39,"1,323",Ships to Bangladesh,3/19/2019
Audio Video ,"Amazon Basics 30W USB Car Charger, 1 USB-C (18W) Cable with Power Delivery and USB-A (12W) Port - Black",11,"5,249",Ships to Bangladesh,3/21/2019
Audio Video ,"Altec Lansing LifeJacket 2 - Waterproof Bluetooth Speaker, Floating Portable Speaker for Travel & Outdoor Use, Deep Bass & Loud Sound, 30 Hour Playtime",56,"2,371",Ships to Bangladesh,3/21/2019
Audio Video ,Sangean H205 AM/FM Weather Alert Waterproof Shower Radio White 6.14x 4.01x 9.72,80,"4,502",Ships to Bangladesh,3/21/2019
Audio Video ,"Sangean MMR-99 AM/FM-RBDS/Bluetooth/AUX/Weather/Multi-Powered Digital Tuning Emergency Radio, Forest Green",110,7,Ships to Bangladesh,3/21/2019
Audio Video ,RoadKing RK56B Black 4-Pin Dynamic Noise Canceling CB Microphone,44,"1,030",Ships to Bangladesh,3/21/2019
Audio Video ,"Sylvania SRCD243 Portable CD Player with AM/FM Radio, Boombox (Blue)",27,"7,436",Ships to Bangladesh,3/21/2019
Audio Video ,"Kenu Airbase Pro Car Phone Mount for Dashboard and Windshield - Desk Phone Stand - 360 Degree Rotation - Grips Expand to 3.6 Inches - Elegant Design - Fits Latest iPhones, Samsung, and Android Phones",27,750,Ships to Bangladesh,3/21/2019
Audio Video ,"Victrola Nostalgic Wood Countertop Jukebox with Built-in Bluetooth Speaker, 50's Retro Vibe, 5 Bright Color-Changing LED Tubes, FM Radio, Wireless Music Streaming, AM/FM Radio, Aux Input",80,"1,452",Ships to Bangladesh,3/21/2019
Audio Video ,OtterBox 3-in-1 Wireless Charging Station 2.0 for MagSafe - White,79,15,Ships to Bangladesh,3/21/2019
Audio Video ,Eton American Red Cross FRX2 Hand Turbine AM/FM/NOAA Weather Radio with USB Smartphone Charger and LED Flashlight,24,817,Ships to Bangladesh,3/21/2019
Audio Video ,"Sangean WR-15WL AM/FM Table Top Wooden Radio, Walnut",91,765,Ships to Bangladesh,3/21/2019
Audio Video ,"Adaptive Fast Charger Compatible Samsung Galaxy S9 S9 Plus S8 S8+ S10 S10e Note 8 Note 9, Wall Charger Adapter Block with USB Type C Cable Kit",9,"10,182",Ships to Bangladesh,3/22/2019
Audio Video ,"Baofeng BF-S112 Two Way Radio Speaker,Black, Auxiliary",7,"8,251",Ships to Bangladesh,3/22/2019
Audio Video ,Meta Portal Go - Portable Smart Video Calling 10” Touch Screen with Battery,29,"17,755",Ships to Bangladesh,3/22/2019
Audio Video ,"Cobra HG M75 Premium Power Replacement CB Microphone (Black) – 4-Pin Connector, 9 Foot HighFlex™ Cord, Heavy Duty ABS Shell, Wire Mesh Grille, Push To Talk, 2 Transistor Amp (9V Battery, Not Incl), Auxiliary",11,835,Ships to Bangladesh,3/22/2019
Audio Video ,iOttie Dashboard Mounting Base | Universal Dashboard and Windshield Mounting Base for Easy One Touch Series and Auto Sense Mounts | Dashboard Pad Not Included,16,"4,029",Ships to Bangladesh,3/22/2019
Audio Video ,Astatic PDC1 100 Watt SWR Meter,21,"1,626",Ships to Bangladesh,3/23/2019
Audio Video ,Samsung OEM Adapter with USB Sync Charging Cable - Non-Retail Packaging - White,10,"8,294",Ships to Bangladesh,3/23/2019
Audio Video ,Polaroid P2 Music Player (Black) - Powerful Portable Wireless Bluetooth Speaker Rechargeable with Dual Stereo Pairing,60,67,Ships to Bangladesh,3/23/2019
Audio Video ,"RoadKing RKCBCLASSIC 40 Channel Classic CB Radio with Large Digital Display and Illuminated SWR/RF Meter, Grey",102,131,Ships to Bangladesh,3/24/2019
Audio Video ,"Bang & Olufsen Beosound A5 - Portable Bluetooth Speaker with Wi-Fi Connection, Carry-Strap, Dark Oak","1,199",7,Ships to Bangladesh,3/24/2019
Audio Video ,SAMSUNG 25W USB-C Super Fast Charging Wall Charger - White (US Version with Warranty),24,882,Ships to Bangladesh,3/25/2019
Audio Video ,"Margaritaville Tiki Torch - Waterproof Bluetooth Speaker, Portable Party Speaker with Flickering LED Lights, Perfect for Travel, Parties, Yards, and Pools",39,"4,146",Ships to Bangladesh,3/25/2019
Audio Video ,"Poly - Sync 20 USB-A Personal Smart Speakerphone (Plantronics) - Connect to Cell Phone via Bluetooth and PC/Mac via USB-A Cable - Works with Teams (Certified), Zoom & More",119,478,Ships to Bangladesh,3/25/2019
Audio Video ,"Altec Lansing HydraMotion Wireless Bluetooth Speaker with 360 Degree Sound, Portable IP67 Waterproof for Outdoors, Shockproof, Snowproof, Everything Proof, 12 Hour Playtime (Black)",209,569,Ships to Bangladesh,3/25/2019
Audio Video ,"Marshall Uxbridge Home Voice Speaker with Amazon Alexa Built-In, Black",149,358,Ships to Bangladesh,3/25/2019
Audio Video ,Sangean HDR-18 HD Radio/FM-Stereo/AM Wooden Cabinet Table Top Radio silver,19,589,Ships to Bangladesh,3/26/2019
Audio Video ,"mophie 7.5W Wireless Charge Pad, 5W - 10W Output Range, Optimized for Apple Fast Charge, Qi-Compatible Charger for iPhone X, iPhone 8, iPhone 8 Plus, and AirPods/AirPods Pro (Black)",7,"10,759",Ships to Bangladesh,3/26/2019
Audio Video ,"Monoprice 1/4-Inch TRS Male to Male Cable - 6 Feet - Black, 16AWG, Gold Plated - Premier Series",54,"1,294",Ships to Bangladesh,3/26/2019
Audio Video ,Sangean WR-16SE AM/FM/Bluetooth/Aux-in/USB Phone Charging 45th Anniversary Special Edition Wooden Cabinet Radio (Dark Walnut with Rose Gold),113,"1,386",Ships to Bangladesh,3/26/2019
Audio Video ,PROSCAN Elite Portable CD Boombox with AM/FM Radio (Black),27,"3,874",Ships to Bangladesh,3/26/2019
Audio Video ,"Pyle Marine ATV Powered Speakers - 4.0 Wireless Bluetooth, 800 Watt, Color Changing LED Lights, IP44 Waterproof, 6.5“ Dual Audio Sound System for UTV, Golf Carts, Jetski and Snowmobile - PLATV65BT",184,"1,218",Ships to Bangladesh,3/28/2019
Audio Video ,"Cobra ACXT145 Compact Walkie Talkies for Adults - Rechargeable, Lightweight, 22 Channels, Long Range 16-Mile Two-Way Radio Set (2-Pack), black",31,594,Ships to Bangladesh,3/28/2019
Audio Video ,"Midland AVPH3 Transparent Security Headsets with PTT/VOX – Wrap Around Design – Lasting Comfort Pair, Black",24,"1,923",Ships to Bangladesh,3/28/2019
Audio Video ,"Cobra ACXT1035R FLT Floating Walkie Talkies for Adults - Waterproof, Rechargeable, Long Range up to 37-Mile Two Way Radio with NOAA Weather Alert & VOX, ( 2 Pack )",119,"1,064",Ships to Bangladesh,3/28/2019
Audio Video ,"Poly - Sync 20+ USB-A Personal Bluetooth Smart Speakerphone (Plantronics) - Connect to Smartphones via Bluetooth-PC/Mac via Poly - BT600 Dongle -Works with Teams (Certified), Zoom & More",149,257,Ships to Bangladesh,3/29/2019
Audio Video ,"Pyle Dual Stereo Cassette Tape Deck - Clear Audio Double Player Recorder System w/ MP3 Music Converter, RCA for Recording, Dubbing, USB, Retro Design - For Standard / CrO2 Tapes, Home Use - PT659DU",165,736,Ships to Bangladesh,3/30/2019
Audio Video ,"Marshall Tufton Bluetooth Speaker, Black & Brass",449,38,Ships to Bangladesh,3/30/2019
Audio Video ,"PopSockets Phone Wallet, Phone Card Holder, Wireless Charging Compatible, Wallet for MagSafe - Periwinkle",34,1,& Up,3/30/2019
Audio Video ,RoadPro RP-8X18CL 18' Clear CB Antenna Mini-8 Coax Cable with PL-259 Connector,17,"1,366",& Up,3/30/2019
Audio Video ,Aduro 40W 6-Port USB Desktop Charging Station Hub Wall Charger for iPhone iPad Tablets Smartphones with Smart Flow (White/Grey),29,"13,929",Ships to Bangladesh,3/30/2019
Audio Video ,"Arkon Car or Truck Seat Rail or Floor Phone Holder Mount for iPhone 14/Pro Max/Pro, Samsung Galaxy S22/Ultra, S21, Sonim XP3, Black",39,"1,114",Ships to Bangladesh,3/30/2019
Audio Video ,OtterBox Performance Car Vent Mount for MagSafe - Black,49,518,Ships to Bangladesh,3/30/2019
Audio Video ,"Cobra ACXT345 Weather-Resistant Walkie Talkies for Adults - Rechargeable, 22 Channels, Long Range 25-Mile Two-Way Radio Set (2-Pack)",7,295,Ships to Bangladesh,3/30/2019
Audio Video ,"Type C Charger Fast Charging Android USB C Phone Charger Cord 2Pack 6ft for Moto G Power 2022 2021/G Pure/G Stylus 5G 2022/G Play/G Fast/G9 Plus/G8 Power/G7 Play/Z4/Z3, Motorola One 5G UW/Edge 5G UW",19,197,Ships to Bangladesh,3/30/2019
Audio Video ,JENSEN Stereo Cassette Player with AM/FM Radio,99,455,Ships to Bangladesh,3/31/2019
Audio Video ,"Belkin 2-In-1 Iphone & Apple Watch Charging Dock - Powerhouse Charging Station + Apple Watch Charging Stand - Designed For Iphone 6/7/8/X/Xs/Xr/Xs Max, Apple Watch Series 4, 3, 2, & 1",11,887,Ships to Bangladesh,3/31/2019
Audio Video ,"Hosa CPP-202 Dual 1/4"" TS to Dual 1/4"" TS Stereo Interconnect Cable, 2 Meters",52,"2,450",Ships to Bangladesh,3/31/2019
Audio Video ,"mophie Universal Wireless Charging Stand - 15 Watt Fast Charging for Qi-Cerified Phones Like Samsung Galaxy, Google Pixel, Apple iPhone 11 (Pro, Pro Max), iPhone XR/XS/SE, iPhone 8 - Black",12,194,Ships to Bangladesh,3/31/2019
Audio Video ,"Blue Sea Systems BelowDeck Panels, Dual USB Chargers, 12V Sockets and Mini OLED Monitors",129,"1,916",Ships to Bangladesh,3/31/2019
Audio Video ,"BOSCH GPB18V-2CN 18V Compact Jobsite Radio with Bluetooth® 5.0 , Black",39,104,Ships to Bangladesh,3/31/2019
Audio Video ,OnePlus SUPERVOOC 80W Car Charger,253,60,Ships to Bangladesh,3/31/2019
Audio Video ,ICOM 2300H 05 144MHz Amateur Radio,8,167,Ships to Bangladesh,3/31/2019
Audio Video ,"Fast Car Charger, 2Pack 3.4A Fast Charging Car Adapter Dual Port Cigarette Lighter USB Charger for iPhone 14 13 12 11 Pro Max SE XR XS X 8 7 6 6S Plus,Samsung Galaxy S22 S21 S20 S10 S9 S8 A13 A12 A51",28,"1,806",Ships to Bangladesh,3/31/2019
Audio Video ,Hefty Bike Phone Mount by Delta Cycle - Premium Universal Bicycle Smartphone Holder Adjusts to Any Handlebar & Fits Any Phone or iPhones - Easily Accessible On The Go - Hands-Free Access,119,434,Ships to Bangladesh,4/1/2019
Audio Video ,"House of Marley Get Together Mini: Portable Speaker with Wireless Bluetooth Connectivity, 10 Hours of Indoor/Outdoor Playtime, and Sustainable Materials, Signature Black",74,312,Ships to Bangladesh,4/1/2019
Audio Video ,"BAOFENG UV-5RTP 8/4/1W Two-Way Radio, High Power Dual Band Long Range for Adults, Tri-Power Handheld Ham Radio with Speaker Mic, Programming Cable (2 Pack)",225,672,Ships to Bangladesh,4/1/2019
Audio Video ,Sangean ATS-909X2 The Ultimate FM/SW/MW/LW/Air Multi-Band Radio,39,331,Ships to Bangladesh,4/1/2019
Audio Video ,"mophie Dual Universal Wireless Charging Pad - 10 Watt, Works with Qi-Certified Devices, Fast Charge for Samsung Galaxy, Google Pixel, Apple iPhone, Apple AirPods, and Extra USB-A Port for Apple Watch",56,"1,106",Ships to Bangladesh,4/2/2019
Audio Video ,"Cobra ACT120B Chat Tag Curve Wearable Walkie Talkies for Adults - Push to Talk, Rechargeable, Up to 12-Mile Two Way Radio Set (2 Pack)",99,616,Ships to Bangladesh,4/2/2019
Audio Video ,"Uniden PRO501TK Pro-Series 40-Channel Portable Handheld CB Radio, Two-Way Emergency Radio, includes High-Gain Magnet Mount Antenna, Auto Noise Limiter, NOAA Weather, and Full Channel Scan",216,531,Ships to Bangladesh,4/2/2019
Audio Video ,JBL JBL-PRV275 AM/FM/WB/USB Round Digital Bluetooth Receiver,262,136,& Up,4/2/2019
Audio Video ,"GPX, Inc. Portable Top-Loading CD Boombox with AM/FM Radio and 3.5mm Line In for MP3 Device - Red/Black",39,"5,867",Ships to Bangladesh,4/2/2019
Audio Video ,"Bang & Olufsen Beoplay A9 4th Gen Wireless Multiroom Speaker, White with Oak Legs","2,537",51,Ships to Bangladesh,4/2/2019
Audio Video ,"IPEVO V4K PRO Ultra HD USB Document Camera with AI-Enhanced Mic, for Classroom visualization, Online Teaching, Work from Home, Streaming, with Noise Cancellation for Clear Voice",144,147,Ships to Bangladesh,4/3/2019
Audio Video ,"Belkin SOUNDFORM Elite Hi-Fi Smart Speaker + Wireless Charger (Alexa Voice-Controlled Bluetooth Speaker) Sound Technology By Devialet, Fast Wireless Charging for iPhone, Samsung Galaxy & More - Black",129,615,Ships to Bangladesh,4/3/2019
Audio Video ,"Portable CD Player - Homlab Bluetooth Desktop CD Player with Speakers, Dust Cover, FM Radio, Anti-skip Protection, Music Player Home Audio Boombox with LCD Display, Remote, Aux Input",39,49,Ships to Bangladesh,4/3/2019
Audio Video ,SCOSCHE BTFM5 Bluetooth Hands-Free Car Kit with Digital FM Transmitter and Dual 12W USB Charging Ports For Vehicles,24,183,Ships to Bangladesh,4/4/2019
Audio Video ,"Scosche MPQ5DV-XTSP MagicMount Pro Charge5 15W Wireless Charging Dashboard / Vent Magnetic Phone Mount for Car. Updated for MagSafe iPhone 12/13/14 Pro/Pro Max, Plus, Mini along with Galaxy and more",59,85,Ships to Bangladesh,4/4/2019
Audio Video ,JENSEN CD-485-GR CD-485 1-Watt Portable Stereo CD Player with AM/FM Radio (Green),40,402,Ships to Bangladesh,4/4/2019
Audio Video ,TRAM 3-B-HC Fiberglass CB Antenna H.D. FIBERGLASS,15,"1,072",Ships to Bangladesh,4/4/2019
Audio Video ,"SAMSUNG SmartThings Station with Power Adapter, 15W Super Fast Wireless Charger, Smart Home Hub, 2023, EP-P9500TBEGUS, Black",79,5,Ships to Bangladesh,4/4/2019
Audio Video ,Sangean DT-200X FM-Stereo/AM Digital Tuning Pocket Radio Black,41,"1,644",Ships to Bangladesh,4/4/2019
Audio Video ,Bitty Boomers Star Wars: Chrome Mandalorian - Mini Bluetooth Speaker,7,679,Ships to Bangladesh,4/4/2019
Audio Video ,"Standard Horizon MH-73A4B Speaker/Microphone Black, Small",55,149,Ships to Bangladesh,4/4/2019
Audio Video ,"Poly - Sync 40+ Bluetooth Smart Speakerphone (Plantronics) - Flexible Work Spaces - Connect to PC/Mac via Included BT600 Dongle & Smartphones via Bluetooth - Works with Teams (Certified), Zoom & more",259,49,Ships to Bangladesh,4/5/2019
Audio Video ,"BulbHead Phone Crane Mount for Car, As Seen On TV, Ultra-Long Arm Raises Over a Foot Higher, Drive Safer, 360° Rotation, Vertical & Horizontal Adjustment, Twistable Base Fits Any Cupholder",22,265,Ships to Bangladesh,4/5/2019
Audio Video ,Sangean PR-D18BK AM/FM/Portable Digital Radio with Protective Bumper (Gray/Black) Black/ Grey,47,"2,750",Ships to Bangladesh,4/5/2019
Audio Video ,"USB Charger 10-Port 120W, Multi-Port USB Charging Hub 24A Desktop Power Station for iPhone X/8/7/6S/6 Plus/5S, Ipad Pro/Air2/ Mini, Galaxy S9/S8/S6 Edge",35,344,Ships to Bangladesh,4/5/2019
Audio Video ,"Poly - Sync 40 Smart Speakerphone (Plantronics) - Flexible Work Spaces - Connect to PC/Mac via Combined USB-A/USB-C Cable and Smartphones via Bluetooth - Works with Teams, Zoom & more",216,116,Ships to Bangladesh,4/5/2019
Audio Video ,Pack Of 10 Type C Fast Charge Cable USB Cord Charging Rapid Quick Charger For Samsung Galaxy S21 S20 5G S10 S9 S8 Note 20 10 9 8 Galaxy A20 A21 A32 A50 A51 A70 A71 LG V60 V50 V40 V30 ThinQ Stylo 4 5 6,8,472,Ships to Bangladesh,4/5/2019
Audio Video ,"RoadPro (RP-711) 24"" Magnet Mount Stainless Steel CB Antenna Kit",24,"1,377",Ships to Bangladesh,4/5/2019
Audio Video ,"Monoprice 8-Channel 1/4-Inch TRS Male to 1/4-Inch TRS Male Snake Cable - 3 Feet, 26AWG, 8 Balanced Mono and Unbalanced Stereo Lines",15,825,Ships to Bangladesh,4/5/2019
Audio Video ,Sangean WR-22WL AM/FM-RDS/Bluetooth/USB Table-Top Digital Tuning Receiver (Dark Walnut),149,"1,419",Ships to Bangladesh,4/5/2019
Audio Video ,Tascam CD-A580 Rackmount Cassette/CD/USB MP3 Player Recorder Combo,699,149,Ships to Bangladesh,4/5/2019
Audio Video ,Battery Eliminator Car Charger for BAOFENG UV-5R UV-5R+ UV-5RA UV-5RA+ UV-5RB UV-5RC UV-5RD UV-5RE UV-5RE Plus,8,"1,364",Ships to Bangladesh,4/5/2019
Audio Video ,"RoadKing RK56CHSS Chrome Noise Canceling CB Microphone with Chrome Flex Cord,XLR",47,397,Ships to Bangladesh,4/5/2019
Audio Video ,"Tascam Master 424 High Bias Type II Cobalt Studio Cassette, Multi (MASTR CAS)",12,43,Ships to Bangladesh,4/5/2019
Audio Video ,"iOttie Velox Magnetic Flush Mount Car Phone Holder. Compatible with MagSafe iPhones Including iPhone 12/iPhone 13/iPhone 14, iPhone 12/13/14 Pro & Pro Max, iPhone 12/13 Mini, iPhone 14 Plus",19,171,Ships to Bangladesh,4/6/2019
Audio Video ,"TALK WORKS Aux Cable 3.5mm Audio Cord for Car - 6ft Long Heavy-Duty Male to Male Jack Extension & Adapter Aux Cord for iPhone, Android, Samsung Galaxy, Headphones, Slate - 2 Pack",7,"3,457",Ships to Bangladesh,4/6/2019
Audio Video ,"mophie Snap+ 2-in-1Charge Stand & Pad - 15w Wireless Charger Compatible with iPhones & AirPods, Includes Snap+ Adapter for Other Qi Enabled Phones, Steel Base, Adjustable Angles",9,47,Ships to Bangladesh,4/6/2019
Audio Video ,"Belkin 24 Watt Dual USB Car Charger - 2 12W USB A Ports with Lightning Cable - Fast Charging Apple iPhone 14, 14 Pro, 14 Pro Max, iPhone 13, 13 Pro Max, Samsung Galaxy, AirPods & More - USB-C Charger",55,555,Ships to Bangladesh,4/6/2019
Audio Video ,"OtterBox Fast Charge USB-C Wall Charger, 20 Watt - WHITE for Iphone",20,253,Ships to Bangladesh,4/6/2019
Audio Video ,Harman Kardon Onyx Studio 4 Wireless Bluetooth Speaker - Black (Renewed),12,26,Ships to Bangladesh,4/6/2019
Audio Video ,"Astatic 302636LCF 636L Noise-Canceling 4-Pin CB Microphone, XLR",159,168,Ships to Bangladesh,4/6/2019
Audio Video ,"iClever BoostCube 2nd Generation 24W Dual USB Wall Charger with SmartID Technology, Foldable Plug, Travel Power Adapter for iPhone Xs/XS Max/XR/X/8 Plus/8/7 Plus/7/6S/6 Plus, iPad Pro Air/Mini and Other Tablet",38,"18,927",Ships to Bangladesh,4/6/2019
Audio Video ,OnePlus Warp Charge | 50W Wireless Charger,15,623,Ships to Bangladesh,4/6/2019
Audio Video ,OtterBox Wireless Charging Pad for MagSafe - BLACK,69,91,Ships to Bangladesh,4/6/2019
Audio Video ,"Poly - Sync 20+ Bluetooth Speakerphone (Plantronics) - Personal Portable Speakerphone - USB-C Bluetooth Adapter - Connect to Your PC/Mac/Cell Phone - Works with Teams (Certified), Zoom & More",24,187,Ships to Bangladesh,4/6/2019
Audio Video ,"Arkon Swivel Belt Clip Holder for Smartphones Cameras Radios Walkie Talkies Remotes, Black - CM221 6.20in. x 4.25in. x 0.50in.",153,"1,486",Ships to Bangladesh,4/6/2019
Audio Video ,"Belkin 3-In-1 Wireless Charging Station - Fast Wireless Charging For Apple Iphone 14, Iphone 13 & Iphone 12 Series & Apple Watch (All Series) - With Additional USB A Port For Multiple Devices (White)",8,"1,902",Ships to Bangladesh,4/6/2019
Audio Video ,"RapidX MyDesktop Pro 60W 3 USB Ports and 2 Power Outlets Power Station with Wireless Charging Stand for iPhone, Android, Tablets and Laptops, Blue",139,12,Ships to Bangladesh,4/7/2019
Audio Video ,"iOttie Easy One Touch Mini Dash & Windshield Car Mount Phone Holder || iPhone Xs Max R 8 Plus 7 Samsung Galaxy S10 E S9 S8 Plus Edge, Note 9 & Other Smartphones",59,"1,176",Ships to Bangladesh,4/7/2019
Audio Video ,"Samsung 15W Wall Charger Type C Only (Cable not Included), White",16,59,Ships to Bangladesh,4/7/2019
Audio Video ,"OM Digital Solutions Voice Recorder DM-720 with 4GB, Micro SD Slot, USB Charging, Direction PC Connection, Transcription Mode, Silver",10,215,Ships to Bangladesh,4/7/2019
Audio Video ,"Aiwa Portable Boombox, Crystal Clear Sound with 3W x 2 Speakers and Bass Function, Featuring a 7"" LCD Display, Bluetooth Connectivity, FM Radio, CD/DVD Player, Streaming on Roku and Amazon Firestick",129,77,Ships to Bangladesh,4/7/2019
Audio Video ,"Belkin Boost?Charge™ 30W Fast Car Charger, Compact Design w/USB-C Power Delivery Port, Universal Compatibility for iPhone 14, Galaxy S23, Note Series, and More - Black",149,24,Ships to Bangladesh,4/8/2019
Audio Video ,Reiko Car Steering Wheel Phone Mount - Retail Packaging - Gray - HLD07-GY,19,"1,922",Ships to Bangladesh,4/8/2019
Audio Video ,"Altec Lansing LifeJacket XL Jolt with Lights, Built In Qi Wireless Charger, Waterproof, Snowproof, Shockproof and it Floats in Water, Up to 20 Hour Battery Life, Black",3,594,Ships to Bangladesh,4/8/2019
Audio Video ,Lifeproof LIFEACTÍV Armband with QuickMount - Retail Packaging - Black,83,"3,131",& Up,4/8/2019
Audio Video ,"Marshall Stanmore II Bluetooth Speaker, Brown",379,202,Ships to Bangladesh,4/8/2019
Audio Video ,"Monoprice 1/4-Inch TRS Male to 1/4-Inch TRS Male Guitar Pedal Patch Cable - 8 Inch - Black, Right Angle Connectors - Premier Series",7,749,Ships to Bangladesh,4/8/2019
Audio Video ,"Motorola Solutions Talkabout Radio, Orange",63,"1,022",Ships to Bangladesh,4/8/2019
Audio Video ,"Samsung 15W Wall Charger Type C Only (Cable not Included), Black",14,217,Ships to Bangladesh,4/11/2019
Audio Video ,"Belkin 45W Dual USB-C Wall Charger, Fast Charging Power Delivery 3.0 with GaN Technology for iPhone 14, 13, Pro, Pro Max, Mini, iPad Pro 12.9, MacBook, Galaxy S23, S23+, Ultra, Tablet, More - White",32,39,Ships to Bangladesh,4/11/2019
Audio Video ,"Altec Lansing Mix 2.0 - Waterproof Bluetooth Speaker with Strong Bass, Portable Speaker for Travel & Outdoor Use, 100 Foot Range & 20 Hour Playtime, Black",146,649,Ships to Bangladesh,4/11/2019
Audio Video ,"OtterBox Premium Wireless Fast Charing Pad, 15W - Black",39,10,Ships to Bangladesh,4/11/2019
Audio Video ,"iOttie iON Wireless Duo CERTIFIED BY GOOGLE 10W Stand + 5W Pad Qi-Certified Charger | MADE FOR GOOGLE | Compatible with Google, Google Pixel, Pixel Buds | Includes Power Cable & Adapter | Dark Grey",49,"1,772",Ships to Bangladesh,4/11/2019
Audio Video ,"TASCAM 4-Channel Portable Linear PCM Audio Recorder for DSLR and Video Cameras, Black (DR-70D)",299,352,Ships to Bangladesh,4/11/2019
Audio Video ,"iOttie Aivo Boost Dual Port USB-A/USB-C Car Charger with Alexa Built-in, High-Speed USB-C PD 3.0/QC 4.0+, and USB-A QC 3.0 car Adapter for Apple, Android, and Google Phones and Tablets",49,244,Ships to Bangladesh,4/11/2019
Audio Video ,"Midland T71VP3 36 Channel FRS Two-Way Radio - Up to 38 Mile Range Walkie Talkie - Black/Silver (Pack of 4), 6.2"" x 1.3"" x 2.3"", Model Number: T71X4VP3",159,195,Ships to Bangladesh,4/11/2019
Audio Video ,ONEPLUS Fast Charge Type-C Cable (100cm),19,20,Ships to Bangladesh,4/11/2019
Audio Video ,"Bang & Olufsen Beosound Emerge Bookshelf Wi-Fi Speaker, Gold Tone/Light Oak",799,25,Ships to Bangladesh,4/12/2019
Audio Video ,"Scosche CPDCC40 PowerVolt 40-Watt Certified USB Type-C Fast Car Charger Power Delivery 3.0 for Standard USB-C Devices, Dual USB-C Charger",24,213,Ships to Bangladesh,4/12/2019
Audio Video ,Standard Horizon HX400IS Intrinsically Safe Handheld VHF Radio,259,19,Ships to Bangladesh,4/12/2019
Audio Video ,"Altec Lansing LifeJacket Jolt - Waterproof Bluetooth Speaker, Durable & Portable Speaker with Qi Wireless Charging and Voice Assistant, Black w/Lights",93,191,Ships to Bangladesh,4/12/2019
Audio Video ,Retevis 2 Pin Shoulder Mic Speaker 2 Way Radio Microphone for Baofeng BF-888S UV-5R Kenwood Retevis H-777 RT21 RT22 RT-5R Walkie Talkie (5 Pack),36,292,Ships to Bangladesh,4/12/2019
Audio Video ,"Hosa CMP-303 3.5 mm TS to 1/4"" TS Mono Interconnect Cable, 3 feet, Speaker",5,"2,052",Ships to Bangladesh,4/12/2019
Audio Video ,Midland GXT1000VP4 50 Channel GMRS Two-Way Radio - Up to 36 Mile Range Walkie Talkie - Black/Silver (Pack of 8),349,42,Ships to Bangladesh,4/13/2019
Audio Video ,Bitty Boomers Netflix: Stranger Things - Damaged Demogorgon - Mini Bluetooth Speaker,10,101,Ships to Bangladesh,4/13/2019
Audio Video ,Skullcandy Barricade Mini Wireless Portable Speaker - Black,39,"1,051",Ships to Bangladesh,4/13/2019
Audio Video ,NTW USB Data Blocker/USB Charger/Secure Charging USB Adapter USB Condom for Blocking Data Sync/Protect Against Juice Jacking/Charge Only Adapter -NUSBX-KDL-A3C2 (5PK),9,13,Ships to Bangladesh,4/13/2019
Audio Video ,"PopSockets Phone Wallet, Phone Card Holder, Wireless Charging Compatible, Wallet for MagSafe - White",25,3,Ships to Bangladesh,4/13/2019
Audio Video ,"Belkin 108W GaN USB Charging Station for Multiple Devices, 2 Type C and 2 Type A Ports Fast Desktop Charger Dock Hub for iPhone, Apple Watch, iPad Pro, Air, Mini, MacBook Pro 16 inch 14 inch and Air",34,25,& Up,4/15/2019
Audio Video ,"Naxa NDL-287 Bluetooth DVD Boom Box & TV, Black, 7""",184,335,Ships to Bangladesh,4/15/2019
Audio Video ,"Wireless Charging Station for Apple Multiple Devices, Wired Charger for Tablet Stand iPad Holder, Wireless Charger for iPhone 14 Pro Max/13/12, AirP od Pro 3/2, Watch Charger for iWatch Series 8/7/6",57,79,Ships to Bangladesh,4/16/2019
Audio Video ,"PopSockets Phone Wallet with Expanding Grip, Phone Card Holder, Wireless Charging Compatible, Wallet for MagSafe - slime Green",39,15,Ships to Bangladesh,4/18/2019
Audio Video ,"GPX PCB319B Portable Cd Player with Bluetooth, Includes Stereo Earbuds, Black",36,"1,465",Ships to Bangladesh,4/18/2019
Audio Video ,Marshall Emberton Bluetooth Portable Speaker - Forest Green,149,159,Ships to Bangladesh,4/18/2019
Audio Video ,Gemini Sound CDMP-1500 19 Inch Professional/Home Anti Shock Audio Rackmount Single Disc Drive Mountable CD MP3 USB Media Music Player System Input with Remote,230,74,Ships to Bangladesh,4/18/2019
Audio Video ,"Poly - Sync 20+ Bluetooth Speakerphone - Personal Portable Speakerphone - Noise & Echo Reduction - USB-A Bluetooth Adapter - Compatible to connect to your PC/Mac/Cell Phone - Works with Teams, Zoom",129,199,Ships to Bangladesh,4/18/2019
Audio Video ,"Belkin 20 Watt USB C Car Charger with Fast Charging for Apple iPhone 14, 14 Pro, 14 Pro Max, iPhone 13, 13 Pro, 13 Pro Max, Samsung Galaxy S22 Ultra & More (USB-C to Lightning Cable Included) - Black",31,334,Ships to Bangladesh,4/18/2019
Audio Video ,"Altec Lansing Baby Boom XL - Waterproof Bluetooth Speaker, Wireless & Portable for Travel & Outdoor Use, Deep Bass & Loud Sound, 1 Pack, Black",29,"1,657",Ships to Bangladesh,4/18/2019
Audio Video ,RoadPro RP-83W Standard Series White 3' Mirror Mount Fiberglass CB Antenna Kit,17,43,Ships to Bangladesh,4/18/2019
Audio Video ,"Pyle Wireless Portable Bluetooth Boombox Speaker - 200 Watt Rechargeable Boom Box Speaker Portable Music Barrel Loud Stereo System With AUX Input, MP3/USB/SD Port, Fm Radio, 4"" Tweeter - PBMSPG1BK",39,881,Ships to Bangladesh,4/19/2019
Audio Video ,"Car Cassette Adapter, Standard Packaging",9,"3,317",Ships to Bangladesh,4/19/2019
Audio Video ,DVT2810 Voicetracer Digital (Win Version),105,936,Ships to Bangladesh,4/19/2019
Audio Video ,"Hisense Ultimate Wireless Outdoor/Indoor Party Speaker with subwoofer 2.0CH 300W IPX4 Waterproof Bluetooth5.0 (Party Rocker One, 2023 Model), Black",249,2,Ships to Bangladesh,4/20/2019
Audio Video ,"Motorola T100TP Talkabout Radio, 3 Pack",49,"6,289",Ships to Bangladesh,4/20/2019
Audio Video ,"Trexonic Portable Rechargeable 14 Inch 720p LED TV with HDMI, SD/MMC, USB, VGA, AV in/Out and Built-in Digital Tuner",113,693,Ships to Bangladesh,4/20/2019
Audio Video ,"Belt Clip Cell Phone Holder – 3M Adhesive Belt Clip Phone Holster GPS, Walkie-Talkie Compatible with iPhone 14 Pro Max Plus 13 12 11 Galaxy Z Fold, Z Flip S22 S21 Google Pixel LG Moto",7,779,Ships to Bangladesh,4/20/2019
Audio Video ,Belkin Universal Phone Mount For Car - Car Mount for Devices Up To 6” - Windshield or Dashboard Phone Holder - Cell Phone Holder Car - iPhone Car Mount - Dash Mount iPhone Car Holder For 6” Smartphone,29,"3,457",Ships to Bangladesh,4/21/2019
Audio Video ,Cellet Multipurpose Non Slip Phone Mini Suction Cup Mat Pack Of 5 Compatible With iPhone 14 Pro Max Plus 13 12 11 Xr Xs X 10 SE Galax Z Flip Z Fold S22 Note Google Pixel Moto,10,193,Ships to Bangladesh,4/21/2019
Audio Video ,Pyle Upgraded Waterproof MP3 Player - V2 Flextreme Sports Wearable Headset Music Player 8GB Underwater Swimming Jogging Gym Earphones Rechargeable Flexible Headphones USB Connection9 -PSWP14BK,44,926,Ships to Bangladesh,4/22/2019
Audio Video ,"Samsung Electronics Wireless Charger Trio, Qi Compatible - Charge up to 3 Devices at Once - for Galaxy Phones, Buds, Watches, and Apple iPhone Devices, White (US Version)",47,461,Ships to Bangladesh,4/22/2019
Audio Video ,RG58A/U COAX CABLE 3 foot Jumper for CB / Ham Radio - Workman CX-3-PL-PL -Made in the USA,5,"2,180",Ships to Bangladesh,4/23/2019
Audio Video ,"Margaritaville Tiki Torch - Waterproof Bluetooth Speaker, Portable Party Speaker with Flickering LED Lights, Perfect for Travel, Parties, Yards, and Pools (2 Pack)",89,54,Ships to Bangladesh,4/23/2019
Audio Video ,Motorola Solutions T470 Two-Way Radio Black W/Yellow Rechargeable Two Pack,99,91,Ships to Bangladesh,4/23/2019
Audio Video ,"mophie Snap+ Wireless Vent Mount Universal Charger, 15W Charging, Magnetic Positioning for Accurate Placement, One-Hand Operation, Compatible with Magsafe for iPhone 12 Models & Qi- Enabled Devices",42,144,Ships to Bangladesh,4/23/2019
Audio Video ,"Altec Lansing LifeJacket H2O 4 - Waterproof Bluetooth Speaker, Durable & Portable Speaker with Voice Assistant, 10 Hour Battery Life & 100 Foot Range, Black",48,"1,392",Ships to Bangladesh,4/23/2019
Audio Video ,"Hamilton Buhl Classroom Cassette Player, 2 Station, 1 Watt (D132) (HA802)",34,718,Ships to Bangladesh,4/23/2019
Audio Video ,"Emerson Alarm Clock Radio and QI Wireless Phone Charger with Bluetooth, Compatible with iPhone XS Max/XR/XS/X/8/Plus, 10W Galaxy S10/Plus/S10E/S9, All Qi Compatible Phones, ER100202",50,"5,209",Ships to Bangladesh,4/25/2019
Audio Video ,"Sangean MMR-88 AM/FM/Weather+Alert Emergency Radio. Solar/Hand Crank/USB/Flashlight, Siren, Smartphone Charger yellow",124,"1,519",Ships to Bangladesh,4/25/2019
Audio Video ,Wouxun KG-905G Professional GMRS Two Way Radio,18,33,Ships to Bangladesh,4/25/2019
Audio Video ,Bitty Boomers Star Wars: The Mandalorian - Grogu in Pram - Mini Bluetooth Speaker,6,75,Ships to Bangladesh,4/25/2019
Audio Video ,"Hosa CMS-105 3.5 mm TRS to 1/4"" TRS Stereo Interconnect Cable, 5 Feet",14,706,Ships to Bangladesh,4/25/2019
Audio Video ,"OM System WS-883 Digital Voice Recorder, Linear PCM/MP3 Recording Formats, USB Direct, 8gb Playback Speed and Volume Adjust, File Index, Erase Selected Files",89,12,Ships to Bangladesh,4/25/2019
Audio Video ,Midland GXT1000VP4 50 Channel GMRS Two-Way Radio - Up to 36 Mile Range Walkie Talkie - Black/Silver (Pack of 4),174,349,Ships to Bangladesh,4/26/2019
Audio Video ,"Eton - Elite Traveler AM/FM/LW/Shortwave Radio with RDS & Custom Leather Carry Cover, 500 Station Memory, Sleep Timer, Local/World Time Setting, Snooze Function, Orange LCD Display, Earphone Jack",79,619,Ships to Bangladesh,4/26/2019
Audio Video ,"mophie - 15W Wireless Charging Stand Compatible with snap and MagSafe for Smartphones, iPhone, Google Pixel, Samsung Galaxy, Qi-Enabled Devices",51,74,Ships to Bangladesh,4/26/2019
Audio Video ,iLive iKBC384S Bluetooth Under the Cabinet Radio with CD Player,69,"3,348",Ships to Bangladesh,4/26/2019
Audio Video ,"Sangean HDR-14 HD Radio/FM Stereo/AM Portable Radio, standart , Black",42,684,Ships to Bangladesh,4/28/2019
Audio Video ,"Tram 1241 5"" NMO Magnet Mount , Black",17,58,Ships to Bangladesh,4/28/2019
Audio Video ,Bitty Boomers Marvel: Into The Spider-Verse - Miles Morales - Mini Bluetooth Speaker,8,137,Ships to Bangladesh,4/28/2019
Audio Video ,"Hosa STP-201 1/4"" TRS to Dual 1/4"" TS Insert Cable, 1 Meter",26,754,Ships to Bangladesh,4/28/2019
Audio Video ,"SIIG 90W Smart 10-Port USB Charging Station with Non-Slip Padded Deck and LED Ambient Light for Smartphones, Tablets, and Many Other Compatible USB Powered Devices (Black)",62,860,Ships to Bangladesh,4/28/2019
Audio Video ,"GPX BCA209B Portable Am/FM Boombox with CD and Cassette Player, Black",46,"5,138",& Up,4/28/2019
Audio Video ,"StarTech.com 6 ft Slim 3.5mm Stereo Audio Cable - M/M - 3.5mm Male to Male Audio Cable for Your Smartphone, Tablet or MP3 Player (MU6MMS) Black",4,"15,220",& Up,4/28/2019
Audio Video ,"Pyle Bluetooth Speaker & Microphone System - Portable Stereo Karaoke Speaker with Wired Mic, Built-in LED Party Lights, MP3/USB, FM Radio (6.5’’ Subwoofers, 500 Watt MAX) (PPHP266B.5)",18,26,& Up,4/28/2019
Audio Video ,"SYLVOX 27 Inch TV 12/24 Volt TV Full HD RV TV,1080P,Built-in DVD Player and FM Radio, for Home, RV Camper and Mobile Use",99,20,& Up,4/28/2019
Audio Video ,Scosche MPDCFA MagicMount Pro Magnetic Mount Holder For Mobile Devices Carbon Fibe,24,"2,183",Ships to Bangladesh,4/29/2019
Audio Video ,"Nelson-Rigg Route 1 Magnetic Phone holder, Black (NR-50)",34,185,Ships to Bangladesh,4/29/2019
Audio Video ,"Ceptics Schuko, Germany, France, Spain Travel Adapter Plug with Dual USB - Usa Input Type E/F - Ultra Compact Perfect for Cell Phones, Laptop, Camera Chargers, iWatch, iPad, iPhone and More (CTU-9)",13,"8,167",Ships to Bangladesh,4/29/2019
Audio Video ,"Cobra HG A1000 18.5 inch Magnetic Mount CB Antenna – Heavy Duty Magnet, For use in Cars, SUVS Recreational Vehicles 100 Watt Power Handling Capability, Black",34,435,Ships to Bangladesh,4/29/2019
Audio Video ,"Browning WSPBR1015 Enclosed Nmo 3/4 Hole Mount,Black",23,838,Ships to Bangladesh,4/29/2019
Audio Video ,"INIU 3 in 1 Wireless Charging Station, 15W Fast Phone Wireless Charger Stand Dock for Apple Watch Charger Stand Series 8 7 6 5 4 3 SE Ultra, iPhone 14 13 12 11 Pro Max Mini, Airpods Pro (with Adapter)",39,435,Ships to Bangladesh,4/29/2019
Audio Video ,"Belkin BoostCharge USB C 30W GaN Wall Charger w/ Power Delivery - iPhone Charger Fast Charging - USB C Charger for MacBook Pro, iPhone 14, iPhone 13, iPhone 12, iPad Pro - Includes Lightning Cable",30,60,Ships to Bangladesh,4/30/2019
Audio Video ,Sangean PR-D19BK FM Stereo/AM Digital Tuning Portable Radio with Protective Bumper (Gray/Black),56,813,Ships to Bangladesh,4/30/2019
Audio Video ,"TALK WORKS USB C to USB C Cable 10 ft Android Phone Charger Heavy Duty PD Type C Fast Charging Power Delivery Cord for Samsung Galaxy S21, 20, 10, 9, 8, for Apple MacBook, iPad Pro, Switch - White",9,235,Ships to Bangladesh,4/30/2019
Audio Video ,"Hosa CMS-110 3.5 mm TRS to 1/4"" TRS Stereo Interconnect Cable, 10 Feet",5,"1,342",Ships to Bangladesh,5/2/2019
Audio Video ,Monoprice 3.5mm Stereo Plug to 6.35mm (1/4 Inch) Stereo Jack Adaptor - Gold Plated,17,"2,200",Ships to Bangladesh,5/2/2019
Audio Video ,"Victrola 1980s Retro Bluetooth Boombox with Cassette Player and AM/FM Radio, Wired and Wireless Streaming, Classic 80s Style with Modern Technology, Silver",4,"1,138",Ships to Bangladesh,5/3/2019
Audio Video ,JENSEN SMPS-628 Under Cabinet Universal Bluetooth Music System,193,"1,070",Ships to Bangladesh,5/3/2019
Audio Video ,"PHILIPS S3505 Wireless Bluetooth Speaker with Bold Sound, Kvadrat Speaker Fabric, Up to 10 Hours Playtime, IPX7 Waterproof, Shower Ready, Small Size, Gray",34,864,Ships to Bangladesh,5/3/2019
Audio Video ,OtterBox Wireless Charging Stand for MagSafe - BLACK,33,29,Ships to Bangladesh,5/4/2019
Audio Video ,"Cobra HG S300 Highgear External Noise-Cancelling Speaker,Beige",32,187,Ships to Bangladesh,5/4/2019
Audio Video ,"Scosche MP2CUPM-SP MagicMount Pro2 Cup Holder Magnetic Cell Phone Holder Car Mount Kit Compatible with MagSafe, iPhones, Galaxy, Pixel & All Smartphones",24,267,Ships to Bangladesh,5/4/2019
Audio Video ,"Pyle Portable Waterproof Bluetooth Speaker - 280 Watt Max Output Power, Wireless Music Streaming, Rechargeable Battery, MP3/WMA/FLAC Digital Audio File Support, & Remote Control Battery Operated",44,595,Ships to Bangladesh,5/4/2019
Audio Video ,ROADPRO RP-235 Adjustable Universal Mounting Bracket for CB/Ham Radio & Scanners,143,109,Ships to Bangladesh,5/4/2019
Audio Video ,"mophie snap+ Wireless Charger - 15W Wireless Charging pad for Qi-Enabled and MagSafe Compatible Devices, compatible with All new iPhones",11,683,Ships to Bangladesh,5/4/2019
Audio Video ,"Unitek USB Charging Station for Multiple Devices, Charger Organizer Stand Dock with Dividers, Quick Charge 3.0 Compatible for Smartphone, Tablet, iPad and Other Electronics",29,275,Ships to Bangladesh,5/5/2019
Audio Video ,"Cellet Dual Adjustable Phone Holder & Tablet Mount for Car Back Seat Headrest Compatible with Apple iPad, Air, Pro, Mini, iPhone 14 Pro Max Plus 13 Samsung Galaxy, Google Pixel, Moto",67,596,Ships to Bangladesh,5/5/2019
Audio Video ,Sangean DAR-101 Professional Grade Digital MP3 Recorder (Black),16,"1,455",& Up,5/5/2019
Audio Video ,"Hosa CSS-830 1/4"" TRS to Same Balanced Patch Cables, 1 Foot",33,240,Ships to Bangladesh,5/5/2019
Audio Video ,"Hosa YPP-136 1/4"" TRSF to Dual 1/4"" TS Stereo Breakout Cable",79,"1,758",Ships to Bangladesh,5/5/2019
Audio Video ,"Victrola VBB-25-SLV Mini Bluetooth Boombox with Cassette Player, Recorder and Am/FM Radio, Silver",6,719,Ships to Bangladesh,5/5/2019
Audio Video ,"Pinkfong Baby Shark 9'' Portable DVD Player for Kids with Matching Headphones and Carrying Bag, Compatible with CDs, DVDs, USB and SD Card, Swivel Screen",43,16,Ships to Bangladesh,5/5/2019
Audio Video ,Pack Of 10 Type C Fast Charge Cable USB Cord Charging Rapid Quick Charger Bulk For Samsung Galaxy S10+ S9+ S8+ Note 9 8 A20 A50 A70 A90 A21 A51 A71 A91 LG V60 V50 V40 V30 V20 ThinQ Stylo 4 5 6 (White),69,425,Ships to Bangladesh,5/6/2019
Audio Video ,"TALK WORKS USB C Cable 10ft Long Android Phone Charger Premium Nylon Braided Heavy Duty Type C Fast Charging Cord for Samsung Galaxy S21 / S20 / S10 / S9 / S8, Note, Pixel, Nintendo Switch - Slate",8,"2,320",Ships to Bangladesh,5/6/2019
Audio Video ,"Bushnell Disc Jockey -Bluetooth -Speaker, Lightweight Disk Golf -Speaker with Distance to Basket -GPS, White/Orange, Small",10,104,Ships to Bangladesh,5/6/2019
Audio Video ,Polaroid P1 Music Player (Blue) - Super Portable Wireless Bluetooth Speaker Rechargeable with IPX5 Waterproof and Dual Stereo Pairing,59,41,Ships to Bangladesh,5/7/2019
Audio Video ,"CRAFTSMAN V20 Bluetooth Speaker, Tool Only (CMCR001B) , Red",21,307,Ships to Bangladesh,5/7/2019
Audio Video ,"Theater Solutions by Goldwood B63GR Wireless Rechargeable Bluetooth Outdoor 6.5 Inch Rock Speaker System – Slate Gray, Set of 2, 200 Watts",89,405,Ships to Bangladesh,5/7/2019
Audio Video ,"Pyle Wireless Portable Bluetooth Speaker- 100 Watt Power Rugged Compact Audio Sound Box Stereo System with Built-in Rechargeable Battery, 3.5mm AUX Input Jack,FM Radio,MP3 & USB Reader-PBMSQG5, Black",219,"1,263",Ships to Bangladesh,5/7/2019
Audio Video ,DualX Dual USB Charger for Car And Home by RapidX - Blue,37,"1,163",Ships to Bangladesh,5/7/2019
Audio Video ,Echelon Beat Advanced Armband Heartrate Monitor,13,209,Ships to Bangladesh,5/7/2019
Audio Video ,"Tuff Tech Super Stick Universal Car Mount Phone Holder Desk Stand with Suction Cup Base and Adjustable Arm for -iPhone, Samsung, LG, Moto, Huawei, Smartphones",38,355,Ships to Bangladesh,5/7/2019
Audio Video ,"Pyle Wireless Portable Bluetooth Boombox Speaker - 300 Watt Rechargeable Boom Box Speaker Portable Music Barrel Loud Stereo System with AUX Input, MP3/USB Port, Fm Radio, 2.5"" Tweeter - Pyle PBMSPRG4",22,511,Ships to Bangladesh,5/7/2019
Audio Video ,"Sangean CL-100 NOAA, S.A.M.E and Public Alert Certified Weather Alert Table-Top Radio with AM / FM-RBDS, and EEPROM Back Up for Preset Stations",29,"1,252",Ships to Bangladesh,5/8/2019
Audio Video ,"Scosche MEDSG-XTET MagicMount Elite Universal Magnetic Dash Mount for Mobile Devices, Space Gray",72,141,Ships to Bangladesh,5/9/2019
Audio Video ,"Margaritaville Cooler Bluetooth Speaker, Wireless & Portable Speaker with Ice Chest, 12 Can & Bottle Capacity, 33 Foot Range & 5 Hours of Playtime, Navy",19,89,Ships to Bangladesh,5/9/2019
Audio Video ,"Motorola TurboPower Bundle: 20W Wall Charger & 18W Car Charger with Two 1m USB-A to USB-C Cables for Moto G Power (2020/2021/2022), G Stylus (2020/2021/5G), One 5G/5G UW/5G Ace/5G UW Ace, Edge/Edge+",39,"1,127",Ships to Bangladesh,5/9/2019
Audio Video ,SOAR NFL Unisex ShockBox XL Wireless Bluetooth Speaker,31,568,Ships to Bangladesh,5/9/2019
Audio Video ,PopSockets PopPower Home Wireless Charger for Phones and Tablets - Night Blooms,23,"1,721",Ships to Bangladesh,5/9/2019
Audio Video ,"Uniden PRO538HHFM, “2 in 1” Dual Handheld/Mobile Emergency CB Radio with New FM Mode, Full 40 Channels, NOAA Weather Alerts, and Selectable 4-Watts HI/1-Watt Low Output Power.",36,1,Ships to Bangladesh,5/9/2019
Audio Video ,"SAMSUNG 9W Wireless Charger Duo w/ USB C Cable, Charge 2 Devices at Once, Cordless Super Fast Charging Pad for Galaxy Phones and Devices, 2021, US Version, White",59,376,& Up,5/10/2019
Audio Video ,"Pyle 280 Watt Max Party Portable Wireless Bluetooth Speaker with Subwoofer and Tweeters, MP3/ USB Port/AUX/FM Radio, Colorful LED Lights, Powerful Loudspeaker for Indoor and Outdoor Use",129,27,& Up,5/10/2019
Audio Video ,Kanto YU4MW Powered Speakers with Bluetooth and Built-in Phono Preamp | Auto Standby and Startup | Remote Included | 140W Peak Power | Pair | Matte White,379,522,Ships to Bangladesh,5/10/2019
Audio Video ,"KOHLER Moxie Bluetooth Showerhead, Shower, Waterproof Speaker, Shower Radio, Rechargeable, Portable Speaker, 2.5 GPM, K-28238-NKE-BL, Matte Black",99,590,Ships to Bangladesh,5/10/2019
Audio Video ,"Bitty Boomers Disney Stitch with Sunglasses Bluetooth Speaker, Multicolor",19,"1,521",Ships to Bangladesh,5/10/2019
Audio Video ,Sangean WR-16 AM/FM Bluetooth Wooden Cabinet Radio,117,296,Ships to Bangladesh,5/10/2019
Audio Video ,"PyleUsa Dual Stereo Cassette Tape Deck-Clear Audio Double Player Recorder System w/ MP3 Music Converter, RCA for Recording, Dubbing, USB, Retro Design - for Standard/CrO2 Tapes, Home Use - PT659DU.5",170,45,Ships to Bangladesh,5/10/2019
Audio Video ,"Sangean America, Inc. PS-100 Pillow 3.5mm Aux Portable Speaker, White, One Size",14,"3,224",Ships to Bangladesh,5/10/2019
Audio Video ,Sony DEJ011 Portable Walkman CD Player (Discontinued by Manufacturer),295,882,Ships to Bangladesh,5/11/2019
Audio Video ,"Midland – BizTalk BR200 Business Radio – 2W Industrial Grade Two Way Radio – Compact Size – High Performance Walkie Talkie – 250,000 Square Feet of Coverage",99,62,Ships to Bangladesh,5/11/2019
Audio Video ,TRAM 703-HC Center Load CB Antenna Kit,26,"1,817",Ships to Bangladesh,5/11/2019
Audio Video ,"Monster Blaster 3.0 Portable Speaker, 120W Wireless Bluetooth Speaker, IPX5 Rechargeable Waterproof Bluetooth Speaker with USB Charge Out & Aux Input",223,632,Ships to Bangladesh,5/11/2019
Audio Video ,"Cobra ACXT390 Walkie Talkies for Adults - Rechargeable, Lightweight, 22 Channels, 23-Mile Range Two-Way Radios with VOX (2-Pack)",55,762,Ships to Bangladesh,5/11/2019
Audio Video ,"PAXCESS Split Bluetooth Speaker with 20W Dual Speakers, TWS Pairing, Bluetooth 5.0, IPX7 Waterproof, 14H Playtime, 360° Surround Sound, Wireless Speaker for Home, Outdoors",55,46,Ships to Bangladesh,5/11/2019
Audio Video ,Twelve South PowerPic mod | Multi-Position Wireless 10W Qi Charger for iPhone/Wireless Charging Smart Phones and AirPods Pro (Black),54,304,Ships to Bangladesh,5/11/2019
Audio Video ,MEE audio DualStream S1 Headphone and Speaker Bluetooth Wireless Audio Transmitter/Streamer with aptX Low Latency technology for TVs and other devices (analog input via headphone jack or RCA),32,463,Ships to Bangladesh,5/11/2019
Audio Video ,"Altec Lansing LifeJacket 3 - Waterproof Bluetooth Speaker, Wireless & Portable Speaker for Travel & Outdoor Use, 30 Hour Playtime & 50 Foot Range, Black",56,65,Ships to Bangladesh,5/12/2019
Audio Video ,"PyleUsa Wireless Portable Bluetooth Boombox Speaker - 2Ch Waterproof Rechargeable Fabric Stereo Speaker w/Google Assistant/Siri Voice Control, TWS Function, USB FM Radio, RGB Lights -PSBWP9BK (Black)",53,158,Ships to Bangladesh,5/12/2019
Audio Video ,"Belkin 37W Dual Port Fast Car Charger with 3.3ft USB-C Cable Included, USB-C 25W PPS Port and USB-A 12W Port for Galaxy S23, S23+, Ultra, Note20, iPhone 14, 13, 12, 11, Pro, Max, Mini and More",29,6,Ships to Bangladesh,5/13/2019
Audio Video ,"Koomus Urban-CD-N Smartphone Magnetic Car Mount for CD Slot, Black",27,574,Ships to Bangladesh,5/13/2019
Audio Video ,Bitty Boomers Disney: The Little Mermaid - Ariel - Mini Bluetooth Speaker,19,134,Ships to Bangladesh,5/13/2019
Audio Video ,"Hosa CSS-103RR Right Angled 1/4"" TRS Balanced Interconnect Cable, 3 feet",7,467,Ships to Bangladesh,5/13/2019
Audio Video ,"Midland GXT1000 GMRS Walkie Talkie - Long Range Two Way Radio with NOAA Weather Scan + Alert, 50 Channels, and 142 Privacy Codes (Black/Silver, 12 Radios)",11,13,Ships to Bangladesh,5/13/2019
Audio Video ,Sangean PR-D15 Digital Portable Stereo RDS Receiver Gray,524,835,Ships to Bangladesh,5/13/2019
Audio Video ,Motorola Solutions T210TP Two-Way Radio Black W/Red Three-Pack,88,66,Ships to Bangladesh,5/14/2019
Audio Video ,Sangean WR-2 AM / FM-RBDS Wooden Cabinet Digital Tuning Radio (Walnut),67,"1,624",& Up,5/16/2019
Audio Video ,"Altec Lansing LifeJacket Mini - Waterproof Bluetooth Speaker with Lights, Portable Wireless Speaker for Pool, Beach, Hiking, Sports, Camping, 16 Hour Playtime, Floats in Water",69,859,Ships to Bangladesh,5/16/2019
Audio Video ,JENSEN CD-590-BL CD-590 1-Watt Portable Stereo CD and Cassette Player/Recorder with AM/FM Radio and Bluetooth (Blue),58,56,Ships to Bangladesh,5/17/2019
Audio Video ,CB Radio Antenna Quick Release Mirror Mount with 180 Degree Swivel - Workman QRCS3,21,170,Ships to Bangladesh,5/18/2019
Audio Video ,Sangean DT-400W AM/FM Digital Weather Alert Pocket Radio,54,"1,357",Ships to Bangladesh,5/18/2019
Audio Video ,"Axess SPBT1031 Portable Bluetooth Indoor/Outdoor 2.1 Hi-Fi Cylinder Loud Speaker with Built-in 3"" Sub and SD Card, USB, AUX Inputs in Red",31,"2,226",Ships to Bangladesh,5/18/2019
Audio Video ,"Type C Car Charger, 3.4A Fast Charging USB Car Adapter with 3ft USB C Cable for Samsung Galaxy S23 S22 S21 S20 S10 Note 20 A54 A14 A03S A13 A53 A23 A12 A32 A51,LG Stylo 6 5 4,Pixel 7 Pro 6a 6 5 4 3a",8,753,Ships to Bangladesh,5/18/2019
Audio Video ,Standard STD-CMP460 Speaker/Mic for Most Standard Handheld VHF Radios,52,85,Ships to Bangladesh,5/19/2019
Audio Video ,Bowers & Wilkins Zeppelin Wireless Music System w/Apple AirPlay 2 & Bluetooth (Midnight Grey),799,120,Ships to Bangladesh,5/19/2019
Audio Video ,"Monoprice Onyx Series Auxiliary 3.5mm TRRS Audio & Microphone Cable, 3ft - (118632) Black",4,"1,399",Ships to Bangladesh,5/20/2019
Audio Video ,BAOFENG UV-5R VHF/UHF Dual Band Radio 144-148MHz 420-450MHz Transceiver,22,"1,169",Ships to Bangladesh,5/20/2019
Audio Video ,Bose SoundDock Portable 30-Pin iPod/iPhone Speaker Dock,175,783,Ships to Bangladesh,5/20/2019
Audio Video ,Sangean U4 AM/FM-RBDS/Weather Alert/Bluetooth/Aux-in Ultra Rugged Rechargeable Digital Tuning Radio Yellow,85,572,Ships to Bangladesh,5/20/2019
Audio Video ,"Pyle 300 Watt Outdoor Indoor Wireless Bluetooth Portable PA Speaker 6.5 inch Subwoofer Sound System with USB SD Card Reader, Rechargeable Battery, Wired Microphone, FM Radio, Remote - PWMAB250BK",84,902,Ships to Bangladesh,5/20/2019
Audio Video ,"Altec Lansing StormChaser Rechargeable Emergency Radio, Portable Bluetooth Speaker with NOAA AM FM for Weather Alerts, Solar Powered Survival Speaker with Cellphone USB Charger, LED Camping Flashlight",18,66,Ships to Bangladesh,5/20/2019
